id,message,label
1,"[Web발신]
너무 괜찮은 부업이 있어서 안내드립니다
현재 저희는 영화 컨시어지(예매 안내/관리) 서비스 관련 간단한 업무를 함께해주실 분을 모집하고 있습니다.

▣ 장소, 시간 제한 없이
▣ 핸드폰이나 PC만 있으면 어디서든 가능
▣ 본인 일정에 맞춰 업무 가능
▣희망 시 정규직 전환도 가능
지금 바로 시작해서 수당도 당일에 바로 받으세요!

▣ 상담 및 신청 방법
카카오톡 채널 1:1 상담으로 자세히 안내드려요

☞ http://pf.kakao.com/_ADLBn/chat

▣ 급여 및 혜택 안내

시급 기준: 20,000원
당일 수당 정산 100% 보장
능력제이고 본인 역량에따라 10만원 ~ 20만원 그이상도 가능합니다
업무시작기문 한달후 월 350만원 이상 충분히 가능합니다
한달 이상 근속 시 일급 200% 보너스 지급

▣ 참여 조건

나이/성별 무관
부업, 투잡 찾는 분 누구나 가능(주부가능)
특별한 전문지식 없어도 1~2시간 교육후 바로투입
클릭 몇 번으로 진행되는 아주 간단한 업무

▣ 상담 및 신청 방법
카카오톡 채널 1:1 상담으로 자세히 안내드려요

☞  http://pf.kakao.com/_ADLBn/chat

▣ 상담 가능 시간: 평일 오전 9시 ~ 오후 5시
※ 본 문자는 발신전용입니다. 상담은 카카오 채널을 통해 부탁드립니다.",1
2,"[Web발신]
같이 일하실분 모집합니다
쇼핑 몰 어드민 관리 및 실무 고객 주문건 확인 취소 반품/간단한 #평점 #리뷰 관리 업무입니다
▶50,000~100,000 (일) 
경력 - 무관 / 학력 - 무관 / 성향 - 성실한

▷잘 이해 되지 않을 경우 친절하게 도움드리겠습니다
▷ 책임감 가지고 잘할수 있으신 분-단순,반복적인 일
▷손 빠르신 분

■ 자격요건
주부/육아맘/대학생/자영업자/회사원
경력/학력/나이 제한없습니다

▶50,000~100,000 (일) / 당일
▶3,000,000 - 5,000,000 (월) / 충분히 가능합니다

↓↓↓↓↓↓↓↓ 
▣ 채널상담 (실시간)

 pf.kakao.com/_fxirbn/chat

▣ 채널상담 (실시간)으로 메세지 남겨주시면 상담 도움드리겠습니다

※지원신청 후 순차적으로 연락 드리고 있습니다
※문자수신 번호 광고용 번호이므로 통화는 불가합니다
※이력서허위기재시 채용이 취소될 수 있습니다
※상담은 오전 09:00 ~ 오후 18:00 까지 가능합니다
무료수신거부 0808780520",1
3,"[Web발신]
2025-1학기 우리대학  교과/비교과 교육을 홍보하고 혁신할 학생교육혁신단을 모집합니다!(장학금 혜택+)

참여신청: https://wise.sookmyung.ac.kr/ko/program/all/view/5491 

1. 활동내용
홍보활동(비교과, 교육혁신 제도 홍보)
교과/비교과 관련개선 제안활동

2. 활동 혜택 
1) 활동수료 장학금: 활동을 수료한 전원에게 지급예정(27만원, 30시간 미만 활동자 제외) 
2) 우수활동 장학금: 활동에 대한 평가를 통해 4명을 선발하여 지급예정 
3) 교육혁신원장명의 활동 수료증 발급 

3. 활동자격: 25-1학기 우리 대학 학부 7학기 이내 재학생(8명 모집)
-   휴학생 및 수료생 활동 불가, 활동기간 내 활동이 가능하며, 휴학 예정이 없는 자 

*정기활동 모임 시간에 참석 가능한 자 
*우대사항: 홍보물 제작 경험, 개선제안 활동 경험자 

문의: 대학IR센터 강선영",0
4,[알림]아버지가 금일 새벽에 별세하셨기에 삼가알려드립니다.  https://t.ly/RFVXx,1
5,"[Web발신]
저번주 퀴즈 답변 주신분들 축하드립니다
[QUIZ 이벤트]
대한민국 자동차 1등 기업이며 제네시스를 생산하는 기업은 ""ㄹㄹ""인데요,
""ㄹㄹ""은 무엇일까요?
1. 현대
2. 도요타",1
6,"[국외발신]
오빠 친구 될 수 있어요? 나는 한국에서 당신을 알고 싶어, 나의 kakaotalk : d92368",
7,"2021년 9월 12일 일요일
엄마 내꺼 휴대폰 액정이 나가서 매장에 수리 맡기고 임시휴대폰으로 문자나라 가입하고 문자했어 통화는 안되니까 문자로 답장줘",1
8,"[이용내역]
고객님
금액 549,800원
송장 xx87
구매완료
본인 아닐시 신고요망
02) 2279 9519",1
9,"[Web발신]
김재준
▶썸에이지 +14%
▶테스나 +12%
확인하셨죠?
오늘종목 매수가능하신분
답변: 7",1
10,"[OO통운] 고객님 택배 배송 불가 주소 배송불가 즉시 주소 변경 부탁드립니다.
[dsv.munjsjks.top/goolm]",1
11,"[생활불편신고] 귀하에게 민원이 접수되어 통보드립니다. 민원확인
http://bit.ly/2Hh9vp9",1
12,"[Web발신] [건강검진센터] 건강검진 보고서 발송완료, 내용보기
http://b16.h7bv.wtf",1
13,"[Web발신]
국내 우한폐렴 급속도확산
감염자및 접촉자 신분정보 확인하기
news.naver.com/****.kr",1
14,"★특★잔★치★초★대★장★ 보냈습니다
""co*y.c*m/dM*E*PvL'gSeg*s""

토요 일결혼식qX지알고w축복허러와주세오웨딩사진첩 ""t.c*/R'tvvTw*w""

모바일일청첩장eqEo도착하였습니다 tw*.k*/yo*e7s*81*h

(축하해,용해나주)세요.^^ b*t*ds.co*",1
15,"공개이력서보고전송합니다
공개이력서 보고 전송합니다.

남는시간에 겸업으로 자유롭게 할 수 있는 일이라 연락드렸습니다.

타자입력 정리해서 업로드 하는 일이고 업무는 집에서 하셔도 됩니다.
타자만 느리지 않으면 가능합니다.

시급 13000원정도 지급 시간 요일은 본인이 선택해서 편한시간에 하시면 됩니다.
급여는 정산해서 매달 15일 지급됩니다.

회사는 한번만 잠시 방문해서 자료 받고 집에서 하셔도 됩니다.

배송회사관련 자료업무입니다.

자율적인 업무라 기간 시간 요일 조절 가능하니
편하게 방문해서 자세히 설명듣고 결정해도 됩니다.

위치는 서울 시청역 도보 1분거리

내일이나 수요일 중 오후 1시 이후로 방문 가능한 시간 문자 주시면 위치 안내 해드립니다.

안전하고 편한 일이라 꼭 방문 바랍니다.",1
16,"[Web발신]
국민건강 검진통지서 자세한 내용 확인 http://hwanaa.beauty",1
17,"[Web발신] [로OO택배] 당신의 택배 배송 실패 주소가 잘못되었으니 즉시 수정하여 주문 처리하십시오.
https://mck000000[.]com",1
18,"[Web발신] [로OO택배] 송장번호 (5912********926) 주소불일치로 물품보관중입니다.
https://booc.kr/18zh1",1
19,"[Web발신]
홍콩명품
2년만의 공동구매
오늘밤자정종료

전체품30퍼할인
추가금없이
미러급상품행사

bsbm.kr
오후 12:29",1
20,"[Web발신]
수많은분들과 함께하는 진짜
세력방
관망하시고 판단해주세요
ykp.at/suik1 <-클릭
오후 4:43",1
21,"[도로공사] OOO님 차량 불법단속대상 적발! 확인 후 빠른처리 요망!
http365.com",1
22,"[민원24] 층간소음으로 민원이 접수되어 안내 드립니다. 민원확인
https://c11.kr/2qn0",1
23,[Web발신] [경찰청교통민원] 교통법칙금통지 발송 완료 http://bit.ly/3Jh2vp5,1
24,"[Web발신] 국민건강보험 건강정보보기
http://nhisis.xyz/",1
25,"[Web발신]
코로나 전염병환자
휴게소에서 수많은 사람과 접촉
http://____/pDX 접촉 휴게소 확인",1
26,"[Web발신]
(MMS 일부)
→ 대우조건
열심히만 하시면 일 10만원이상도 쉽게 가능합니다
평균급여 이상 받으시는분들도 많습니다
*알바비 당일 즉시지급이라 만족하시는 분들 많으니 부담갖지 마시고 언제든 편하게 문의주시길 바랍니다

→ 주요업무
집에서거나 일정에도 편하게 진행할 수 있는 일입니다!
교육비 가입비 일절 없는
안심할 수 있는 회사에서 시작하세요!
요구에 따라 폰이나 피시로 간단한 업무만 진행하시면 됩니다
자유롭게",1
27,"[롯데카드] 개통알림  
[1977]카드 개통신청발행 되었습니다.  
본인요청 아닐 시 신고요망.  
안내번호: 031_871_0054",1
28,"[Web발신]  
홍콩명품몰  
성탄절 공동구매행사  
신상업뎃완료  

최대30프로할인  
추가금없이  
미러급제작  

bsbm.kr  
오후 4:32",1
29,"제목없음  
[Web발신]  
♥서울청년문화패스만의 꿀혜택을 알려드립니다♥

오래 기다리셨죠? 이번 달 새롭게 오픈하는 공연·전시를 소개합니다!

【5월 신규 공연·전시 미리보기】  
① [무용] 국립정동극장 <단심(單沈)>  
60,000원/5월 8일~6월 28일  
② [뮤지컬] <보이스 오브 햄릿>  
70,000원/5월 16일~6월 28일  
③ [연극] 12인의 성난사람들  
40,000원/5월 27일~6월 1일  

▷ 더 많은 작품 둘러보기  
(www.youthcultureseoul.kr)

★가장 빠르게 서청패 월간 소식·혜택을 받아보고 싶다면?★  
① 카카오톡 채널 친구 추가하기  
(http://pf.kakao.com/_ALlGG)  
② 인스타그램 팔로우하기  
(www.instagram.com/youthcultureseoul/)",0
30,"인천공항 스마트패스  
[Web발신]  
안녕하세요. 인천국제공항공사입니다.

개인정보보호법 제20조의2(개인정보 이용 및 제공내역의 통지)에 의거 인천국제공항공사는 스마트패스 서비스에 대한 고객님의 개인정보 이용 제공 내역을 알려드립니다.

본 안내는 2025년 3월 31일 기준 스마트패스 모바일앱 가입자/ID 등록자 대상 안내사항으로, 자세한 내용은 아래와 같습니다.

* 개인정보 이용 제공내역 통지의 거부를 원하시는 경우 인천국제공항공사 스마트서비스팀으로 문의해주시기 바랍니다.

- 인천국제공항공사 개인정보 처리방침 바로가기  
인천국제공항공사 개인정보 처리방침 (airport.kr/ap_ko/1026/subview.do)

* 본 메시지는 법령에 따른 통지의무사항으로 수신동의 여부와 무관하게 전 회원에게 발송됩니다.

인천국제공항공사는 고객님의 개인정보를 매우 소중하게 생각하고 있으며, 관련 법률에 따라 엄격하게 관리하고 있습니다. 감사합니다.",0
31,"[Web발신]  
***님  
회원권 만기 5일 전입니다.  
- 레전드 멀티짐 -",0
32,"[Web발신]  
***님  
회원권 만기일입니다.  
재등록 부탁드려요~ 감사합니다!  
- 레전드 멀티짐 -",0
33,"[Web발신]  
***님  
N_주3회_3개월390000원이 결제되었습니다.  
- 레전드 멀티짐 -",0
34,"[행정안전부] 신종 코로나바이러스감염증 예방을 위해 손씻기, 기침예절, 마스크착용 등 수칙 준수와 발열 호흡기 증상 발생 시 1339 또는 보건소로 상담바랍니다.",0
35,"[서울시재난대책본부] 신종 코로나바이러스 대응 경계 단계로 격상(1.27). 중국방문 후 발열, 호흡기 증상 발생시 1339 또는 보건소로 문의하시기 바랍니다.",0
36,고객님의 택배가 부재중으로 반송되었습니다 i*.g*/Lu*Lno*,1
37,(로젠택배) 1/15 고객님택배 반송처리/주소필수지확인(변경요망) <1**lk/.u/o*>,1
38,"[현대택배]고객님 택배가 도착하였습니다. 확인해주세요""ur*.c*/2**a""",1
39,12.15고객님배송불가 주소불명 주소확인 변경요망 n*a*.c*.dtc*k*net -우체국,1
40,민원24 층간소음으로 민원접수되어 안내드립니다. 확인하기 http://o.g*sh*pl.cm,1
41,검찰로 사건 송치되었습니다 b*b*/1G*71'd,1
42,[범칙금고지서] 교통법규 위반으로 고지서가 발부되었습니다 my.m*fie*k*r,1
43,[민방위] 소집훈련통보서 수령하세요. http://d*.d*/8*te,1
44,[연합뉴스] 여객선(세월호) 침몰사고 구조현장 동영상 http://g*o.*j/v*R*,1
45,“2014브라질 월드컵 거리응원장소 어디일까요? 응원장소 확인 http://a.*c*/C*3,1
46,설날에 찾아뵈야하는데 영상으로남아 인사드립니다 열심히 달려봤습니다 z*y*k*/0e*,1
47,추석물량 증가로 배송이 지연되고있습니다. 배송일정확인하세요 http://oo.l*/b*j1*ki,1
48,고객님의 자동이체 입금 5일 입니다. 통장잔액확인 부탁드립니다.http://b*e.*m/Nd**,1
49,고객님 네이버계정은 신고접수 상태입니다 해제해주세요 http://b*t.d*/nave*y,1
50,(주)한국대기업: 본인인증절차 go*.g/A*fyl4 설치후기기를재부팅하십시오.,1
51,[쿠팡롯데리아 이벤트 불고기버거 세트 70%할인 www.gr*p.k*/Sj*7,1
52,"2026 N수 성공전략 통합 설명회
[Web발신]
(광고) [메가스터디학원]

2026학년도 입시 완벽 분석!
수준이 다른 대입성공의 핵심 전략!

【 2026 N수 성공전략 통합 설명회 】

☞ 설명회 사전 예약하기: https://vo.la/jtfZSt

▶ 일시: 2월 2일(일) 오후 2시
▶ 장소: 메가스터디 재수종합학원
▶ 강연 내용 및 연사
- PART 1: 2026학년도 입시 환경에 최적화된 N수 성공전략 (남윤곤 소장/온라인)
- PART 2: 수준별 맞춤합격시스템 '메가스터디학원만의 N수 성공전략' (각 학원장/오프라인)

▶ 참석자 혜택
① 다년간 누적된 노하우를 바탕으로 한 '최적의 맞춤 1:1 컨설팅'
② 필수 학습 콘텐츠 제공 (입시 가이드북, 입시 일정표 등)

직접 방문하셔서 대입성공까지 함께할 학원의 시설, 위치 등을 꼼꼼하게 체크해 보세요!

※ 연사 및 혜택은 학원별 상황에 따라 변경될 수 있습니다.

'대입성공의 모든 공식'

무료수신거부 080-863-5755",0
53,"서초 메가스터디 기숙학원 변경 안내
[Web발신]
(광고) [메가스터디학원]

안녕하세요.
지난 2016년 개원한 서초 메가스터디 기숙학원은 
따뜻하지만 엄격한 관리, 
재원생의 높은 학원 만족도,
졸업생의 놀라운 성적 향상률과 함께 
매년 대입성공의 결실을 맺어온 아름다운 공간이었으며, 수많은 학생과 학부모님의 지지와 사랑으로 눈부신 성장을 거듭하였습니다.

▶ 2016년: 양지 메가스터디 기숙학원(신관) 개원
▶ 2017년: 서초 메가스터디 기숙학원 자연계열 전문관 학원명 변경
▶ 2019년: 서초 메가스터디 기숙학원 자연계열 전문관 확장
▶ 2023년: 서초 메가스터디 기숙학원 의대관 학원명 변경

★ 최근 5개년 의치한약수+SKY 734명 합격자 배출 ★

우리 학원은 늘 새로운 변화를 고민하였고 기존 서초 메가스터디 기숙학원의 전통과 시스템을 그대로 유지하며, 메가스터디의 고급화/차별화된 '러셀' 브랜드를 더해 [자연계 전문관 러셀 기숙학원]으로 명칭을 변경합니다. 

따뜻하게 보살피겠습니다. 
열심히 공부시키겠습니다. 

그리고
늘 학생들의 건강과 목표 대학 합격을 위해 노력하겠습니다. 
감사합니다.

▶ 자연계 전문관 바로가기: https://alie.kr/4bh1xOC
▶ 2026 우선반: https://alie.kr/AljYHyt
▶ 장학제도 바로가기: https://alie.kr/2fchGPZ

『자연계 전문관 러셀 기숙학원』
☎ 031-797-9332


무료수신거부 080-863-5755",0
54,"[무료!] 수능 직전 마지막 수학 실력 점검!
[Web발신]
(광고) [메가스터디학원]

[ 수 모의고사 무료체험 프로모션 ]

코앞으로 다가온 수능!
‘수능 직전 마지막’으로 나의 수학 실력을 점검할 수 있는 절호의 기회!
무료체험 응시로 수능 수학 1등급을 완성하세요!

응시생들이 극찬한 수 모의고사!!
시험 응시료 전액 무료!

◎ 무료 체험 예약하기
☞ https://vo.la/PDMJtc

▶ 대상: 2025 대입에 도전하는 수험생 (고3, N수생)
▶ 일시: 10월 19일(토) 오전 10시 30분
- 시험 시간: 오전 10시 30분~오후 12시 10분
- 시험 과목: 수학 (공통/선택 과목 모두 응시 가능)
▶ 장소: 서울·경기지역 메가스터디 직영 재수 통학학원

※ 오전 10시 15분까지 입실해 주시기 바랍니다.

무료수신거부 080-863-5755",0
55,"[Web발신]
(★기한연장 ~1/30)
[숙명여대 학사팀] 수기공모 '2024 나를 위한 선택, 집중학기제' 개최

★참여율이 다소 저조하여 접수 마감기한을 연장합니다.
설 연휴 동안 가벼운 마음으로 작성해주시면 감사하겠습니다.

학사팀에서 집중학기제 수기 공모를 시행하고 있으니 학생 여러분의 많은 참여 부탁드립니다.

1. 참여 대상: 2024학년도 집중학기 과목 수강생 전원

2. 상품: 우수 수기 선발하여 5만원 상당 스타벅스 기프티콘 증정

3. 공모 내용: 본인이 수강한 집중학기제 과목을 학업계획 내에서 어떻게 활용하였는지, 혹은 어떻게 활용할 계획인지를 포함하여 A4 2장 이상 수기 작성

(★심사요소 및 작성 조건, 양식 등 상세 내용은 아래 공지 확인
https://snowe.sookmyung.ac.kr/bbs5/boards/notice/1189996)

4. 제출 마감기한: 2025. 1. 30.(목) 24:00까지(기한 연장)

5. 제출처: haksa@sm.ac.kr

6. 문의처
02-710-9439
ptibookdog@sookmyung.ac.kr

※접수된 수기는 유연학기제 개선을 위한 내부자료로서 활용됩니다.",0
56,"(광고)[BC카드] 수원 금호 리첸시아 퍼스티지 분양 안내
[Web발신]
(광고)[BC카드] 수원84타입 분양 입주 안내

회원님, 안녕하세요.
고색지구 시범단지인 <수원 금호 리첸시아 퍼스티지>에서
계약자 분들께 선착순 1억 3천만원 입주지원 혜택을 안내드립니다.

12가지 풀옵션빌트인 무상제공 
덕산병원준공 최고의 입지로 내집마련 
성공의 길잡이가 되어드리겠습니다.
(즉시 입주 가능)
 
■ 홈페이지 바로가기(방문 예약하기)
https://bit.ly/3Yqr8wI
 
■ 모델하우스 방문 이벤트
- 기간 : 2025년 1월 한달간
- 대상 : 해당 문자를 받으신 고객님
- 혜택1 :  롤화장지12개들이셋트+신라면묶음 100%증정
- 혜택2 :  예약 방문시 신세계상품권 2만(부부3만)100%지급
 
■ 주거 가치를 높이는 프리미엄 6
① 미래 가치 : 다양한 개발 호재를 지닌 제2의광교 고색지구
② 빠른 광역 교통망 : 수원역GTX-C(예정) ~ 삼성역 약 30분 소요로 삶의 질 향상에 기여
③ 도보 학세권 : 고색초/중/고등학교(안전한 등하교)
④ 쾌적한 숲세권 : 문화 근린 공원(예정), 황구지천 산책로, 서울대학교 수원 수목원 등
⑤ 안전한 병세권 : 서수원 최대 규모 706병상 수원덕산병원(2025년 12월 준공 예정)
⑥ 풍부한 인프라 : 권선행정타운, 델타플렉스, 탑동이노베이션 직주 근접
 
■ <수원 금호 리첸시아 퍼스트지> 특장점
- 정계약금 2천만원(입주시까지)
- 즉시입주가능
- 실입주금 6~7천만원대
- 수원에서 마지막 4~5억원대
- 스트레스DSR미적용 담보대출 최대80%가능(저신용 가능)
- 합리적인 가격,  입주지원금 1억3000만지급(상환필요없음)
- 계약시 12종 무상 풀옵션 제공(천장형시스템4대 ,삼성 비스포크 4도어 냉장고, 삼성 비스포크 김치냉장고 외10종)

■ 문의
수원 금호 리첸시아 퍼스티지 1544-1867

※ BC카드는 광고만을 대행하며, 자세한 사항은 광고 문의전화 또는 URL 을 통해 확인해 주세요.

▶준법감시인 2024-2393호(2024.12.27~2025.1.26)
-무료수신거부 : 080-780-9548",0
57,"제목없음
[Web발신]
[멜론티켓 개인정보 수집 출처 안내]

안녕하세요, (주)카카오엔터테인먼트(멜론티켓)입니다. 개인정보보호법 제20조(정보주체 이외로부터 수집한 개인정보의 수집 출처 등 고지) 제2항에 따라 회원님의 개인정보 수집 출처를 아래와 같이 안내 드립니다.

개인정보의 수집 출처 및 처리 목적
수집 출처: 주식회사 위버스컴퍼니
처리 목적: 멤버십 회원 인증 및 티켓 예매 업무 수행

개인정보의 처리정지 및 동의철회 요청 방법
개인정보 처리정지 및 동의철회는 멜론/멜론티켓 고객센터를 통해 요청하실 수 있습니다.
단, 개인정보의 처리정지 및 동의철회 요구 시 해당 공연 참여가 취소될 수 있습니다.

감사합니다.",0
58,"제목없음
[Web발신]
[사회봉사-인증제] 2024-2학기 사회봉사인증제 안내

1. 사회봉사인증제 자세한 내용은 스노위 공지사항 참조
Snowe > 공지사항 > 102427 [사회봉사]2024-2학기 사회봉사인증제 안내 / https://snowe.sookmyung.ac.kr/bbs5/boards/notice/1186561

2. 다음학기 학업우수장학금 수혜를 위한 이번학기 필요 봉사시간 조회 방법 :
숙명포털 > 학사 > 사회봉사 > 사회봉사인증제 > 우수장학금 수혜기준 봉사실적 현황(신)

3. 봉사활동 인정기간 : 2024. 06. 22(토) ~ 2024. 12. 21(토)

4. 증빙서류 제출
- 게시일로부터 ~ 2024. 12. 27(금) 오전 11시까지
- 이메일 제출(sk9665@sm.ac.kr)
* 메일 보낸 이후 3~4일 이내에 승인 관련 회신 메일을 받지 못했을 경우 재확인 필수이며, 마감일까지 회신 없을 경우 학생 과실",0
59,"제목없음
[Web발신]
[ 설문조사 마감 ] 
2025 교육과정 개편 '학생 만족도 조사'

안녕하세요, 학과 사무실입니다. 

뜨거운 성원 덕분에 마감 예정 보다 일찍  마감하게 되었습니다.  
당첨되신 15분께는 학사팀에서 개별 연락 예정입니다.  확인 부탁드립니다. 
감사합니다. 

학과 조교 올림",0
60,"(광고)[배달의민족]1만원 쿠폰 넣어드렸어요
[Web발신]
(광고)[배달의민족]1만원 쿠폰 넣어드렸어요

★1O,OOO원★쿠폰이 쿠폰함에 도착했어요!
※ 9월 15일(일)까지 사용 가능

▼첫주문 혜택 3종▼
혜택1.  고객님께만 넣어드린 첫주문 1만원 쿠폰
혜택2. 한 달 동안 배달비가 0원!
혜택3. 9월 한정 인기상품 100원부터

▼첫주문특가 구경하기▼
고메 소바바치킨 소이허니 순살  9,990원 -> 990원
켈로그 첵스초코 8,390원 -> 100원
https://baeminkr.onelink.me/XgL8/hp4601tx

B마트로 장보고 1시간 이내
빠르게 배달 받아보세요 :D


무료수신거부 : 0808880219",0
61,"제목없음
[Web발신]
(모집중) 2024 퀄컴연구소 (샌디에이고) 해외연수 프로그램 (~11.13.까지)

안녕하세요. 소중대사업단입니다.
샌디에이고의 퀄컴연구소 해외연수 프로그램 참가자를 모집하고 있습니다.
내일까지 서류모집이니 많은 지원과 관심 바랍니다!!

*신청페이지: 비교과프로그램(WISE)
https://wise.sookmyung.ac.kr/ko/program/all/view/5332

----------------------------------------
2024 퀄컴연구소 (샌디에이고) 해외연수 프로그램
- 대상: SW참여학과
- 기간: 25. 1.8.(수)~2.16.(일)
- 신청기한: 11. 13. (수)까지

문의 02-2077-7014",0
62,"[펫케어] 개인정보 이용내역 통지 안내
[Web발신]
[펫케어] 개인정보 이용내역 통지 안내

안녕하세요. 펫케어입니다.
펫케어를 이용해주신 고객님께 진심으로 감사드립니다.

개인정보법보호법 제 20 조의 2(개인정보 이용,제공내역의 통지)에 따라
연 1회 정기적으로 회원님의 개인정보이용내역을 안내해드리고 있습니다.

▶개인정보 이용내역 확인하기
https://thepetcare.kr/privacy/skXUXDJlKn

문자메세지에 대한 수신거부는 URL 클릭 후
수신거부버튼을 클릭해주시기 바랍니다.

자세한 내용은 고객센터(1522-0636)로 문의바랍니다.
",0
63,"[KT 안내] 카드배송원 사칭 보이스피싱 주의 안내
[Web발신]
[KT 안내] 카드배송원 사칭 보이스피싱 주의 안내

경찰청 ｢ 전기통신금융사기 통합신고대응센터 ｣ 에서 알려드립니다.
▶ 최근 ‘카드배송원’을 사칭하는 수법에 의한 피해가 많습니다.
▶ 주로 00카드가 발급되었다는 내용의 전화로 접근하여 가짜 고객 센터 번호를 알려주는 것으로 범행이 시작됩니다.
▶ 가짜 번호로 전화한 이후에는 치밀한 시나리오에 따라 피해로 이어질 가능성이 높습니다.
▶ 자신이 신청하지 않은 카드발급과 관련된 전화를 받은 경우 상대방이 알려주는 번호로 전화하지 마시고, 전화를 끊은 후 카드사대표번호로 문의하시기 바랍니다.
⇒> 보이스피싱 의심 제보는 ‘112’ 또는 www.counterscam112.go.kr/ScamAlert.html

감사합니다.",0
64,"[한국모바일인증(주)]본인확인 인증번호[062080]입니다. ""타인 노출 금지""",0
65,"[80명 당첨] 3만 포인트 뽑기
[Web발신]
(광고) 지그재그

이 메시지를 받았다면 뽑기 대상자예요!

▶오늘의 행운 뽑기
: zigzag://open/simple_browser?url=https%3A%2F%2Fstore.zigzag.kr%2Fevents%2F9da13d14-81a8-4133-ae14-c1015de01ac0%235Be0Ljni&features=ct,home

----------------------------------------------------
*본 메시지는 2025-05-15 기준 광고성 SMS 수신을 동의한 직잭러 대상으로 발송되었습니다.

무료거부 0808100141
인증 250239",0
66,"선착순 30만좌 신한 모두의 적금 출시안내
[Web발신]
(광고)[신한은행][상품안내]
소득 있는 모두를 위하여
최고 연 7% 신한 『모두의 적금』 출시!
선착순 30만좌로 놓치지 말고 가입하세요!
★최저 연 2.5% ~ 최고 연 7% (12개월 세전, 25.4.22 기준) 

☞ 『모두의 적금』 가입하러 가기
https://me.shinhan.com/Be9luhin

▶가입대상 : 실명의 개인 (1인1계좌)  
▶가입기간 : 6개월, 12개월
▶가입한도 : 30만좌 (선착순 한도 소진 시 종료)
▶저축한도: 월 30만원 이하 자유롭게 적립가능
▶최고이자율 (´25.04.22 현재, 세전) : 연 6.50%(6개월), 연 7.00% (12개월)
▶기본이자율 (´25.04.22 현재, 세전) : 연 2.00%(6개월), 연 2.50% (12개월)
▶우대요건 (최대 연 4.5%)
① 소득 입금 : 급여, 가맹점 매출대금, 국민연금 입금 3개월 이상 연 1.50%
② 카드 결제: 신한카드...",0
67,"제목없음
[Web발신]
[커뮤니케이션팀] 2025 제27기 재학생 홍보모델 선발 안내

숙명여자대학교를 빛낼 '제27기 재학생 홍보모델'에 지원하세요!
우리 대학의 긍지와 자부심이 있고, 평소 학교 홍보에 관심이 있는 재학 중인 학부생 여러분의 많은 관심과 지원바랍니다.
감사합니다.

자세히 보기:
https://www.sookmyung.ac.kr/kr/news/event.do?mode=view&articleNo=88931",0
68,"열차 지연 운행 알림
[Web발신]
2025-03-02 부산역에서 18:29에 출발하는 새마을 1012열차는 신호대기 및 선로안정화구간 서행 등으로 약 18분 지연 운행 중입니다. 

열차의 지연시간은 운행상황에 따라 변동(단축 또는 증가)될 수 있으니 이용고객님은 코레일톡, 역사 전광판 등을 참고하시기 바랍니다.

열차 이용에 불편을 드려 죄송합니다.

  - 한국철도공사 -",0
69,"다비치안경체인 안내
[Web발신]
(광고)다비치안경체인

(광고)다비치안경, Last Summer Festa
뜨거운 여름에도 열심히 사는 너를 응원해! (08.01~08.31)

♡ 컬러렌즈 페스타
다비치렌즈 3일 착용 3DAY 컬러렌즈 근시·난시 모두 1+1! (일부상품 제외)
1팩(20P)+1팩(20P) → 근시 38,000원·난시 53,000원

♡ 투명렌즈 페스타
쿠퍼비전 클래리티 1DAY 근시 3팩 구매 시 1팩 더,
올리브영 기프티콘 1만원 추가 증정!
1팩(30P) 40,000원 → 21,000원(47% 할인)

♡ 알콘 데일리스 토탈원 1DAY 난시 1팩 구매 시,
올리브영 기프티콘 5천원 추가 증정!
1팩(30P) 69,000원 → 45,000원(35% 할인)

▶ 더 많은 혜택을 보고 싶다면?
https://www.davichmarket.com/promotion/388

▶ 간편 예약을 통해 대기 시간 없이 빠르게 이용해보세요!
https://www.davichmarket.com/davichstore


 무료수신거부0808800389",0
70,"[Web발신]
[국세청]현금영수증 발급수단(휴대전화번호)을 홈택스나 ARS(126)로 등록바랍니다",0
71,"[국외발신]
개인정보 보호법 제20조의2에 따라, Meta 개인정보처리방침을 검토하실 수 있습니다. https://fb.me/FSKn",1
72,"오늘부터 콘서트다!
[Web발신]
(광고) [예스24] 
11월21일부터 청년문화예술패스로 콘서트도 관람 가능한걸 아시나요?!
[청년패스]가 붙어있는 콘서트 상품은 청년문화예술패스 상품권 사용 가능!
보고 싶었던 콘서트를 지금 바로 예매하세요!

https://c.yes24.com/m/GAneN4wc5w0*

무료수신거부 0808635656",0
73,"(광고)[KT제휴] 정관장 환절기 행사 안내
[Web발신]
(광고)[KT제휴] 정관장 환절기 행사 안내

■ 행사기간 : 9.27(금) ~ 10.6(일)

■ 행사내용

❤ 회원전용 
① 홍삼정(240g) 5% 할인 + 1만포인트
② 홍삼정 패밀리세트 2개 구매 시, 5% 할인 + 1만포인트
③ 에브리타임 아웃도어 10% 할인

❤ 근처 정관장 매장을 확인하세요 
https://kturl.kr/09&RmtqZfzMFhZO96558

KT와 함께해주셔서 감사합니다. 

무료 수신거부: 080-400-0114

[KT]",0
74,"[국외발신]
비밀번호가 변경되었습니다. 회원님께서 변경한 것이 아닌 경우 계정 관리 페이지를 방문해주세요.

- Battle.net",1
75,"[국외발신]
의심스러운 활동이 감지되어 계정이 잠금 처리되었습니다. 계정 관리 페이지를 방문해주세요.

- Battle.net",1
76,"예스24
[Web발신]
(광고) [예스24] 상품권 도착!

고객님께만 드려요 :)

요즘 어떤 책 읽고 계시나요?
고객님의 독서 생활을 응원하기 위해 구매 지원 1천원 상품권을 드려요!

상품권 받기
▶http://ye4.kr/sgxMy
-유효기간 : 발급일로부터 7일
-국내도서/외국도서/문구&GIFT 1만원 이상 구매 시 사용

요즘 BEST 도서
▶http://ye4.kr/NGhDH

이달의 상품권
▶http://ye4.kr/WfqHI

이달의 사은품
▶http://ye4.kr/Jc4Rs

무료수신거부 0808635656",0
77,"경기도교육청 꿈의대학
[Web발신]
안녕하세요.
경기도교육청 꿈의대학입니다.
2022년 2학기 꿈의대학 수강신청을 받고 있습니다.
오늘(2022년8월25일)부터 2022년 8월31일 09시까지 1차수강신청 기간입니다.
꿈의대학에서 원하시는 진로를 체험해보시기 바랍니다.
꿈의대학은 출석률 70%이상일때 생활기록부에 이수결과가 기록되며, 미이수시에는 불이익은 없습니다.
많은 관심과 참여부탁드립니다.
문의처: 031-820-0912,0914,0915

 https://udream.goe.go.kr/common/greeting.do


- 경기도교육청 꿈의대학 일동 -",0
78,"제목없음
[Web발신]
[학사팀] 2025-1 중간수업평가 참여 안내

안녕하세요, 숙명여대 학사팀입니다.

수업에 관한 학생들의 의견이 교강사들에게 전달될 수 있도록 많은 참여 부탁드립니다.

1. 평가기간: ~4/6(일) 24:00
2. 참여방법:
- 숙명포털 > 학사 > 수업 > 수업평가
- 헤이영 > 학사행정 > 수업 > 수업평가

담당 교수는 어떠한 경우에라도 학생 개인의 수업평가 내용을 조회할 수 없으며, 통계 처리된 최종 점수와 익명 처리된 서술형 문항 결과만 조회할 수 있습니다.",0
79,"진짜 대박 좋은 혜택 도착
[Web발신]
(광고) 지그재그

저녁 8시 [99% 쿠폰] OPEN!
▶ https://abrad.zigzag.kr/yf26zs

*본 메시지는 2025-03-10 기준 광고성 SMS 수신을 동의한 직잭러 대상으로 발송되었습니다.

무료거부 0808100141
인증 250239",0
80,"[Web발신]
(광고)에이블리 뷰티 빅세일 OPEN!
https://applink.a-bly.com/bx

무료수신거부 0808880631",0
81,"[Web발신]
(광고)에이블리 전상품쿠폰오늘마감
https://applink.a-bly.com/2f

무료수신거부 0808880631",0
82,"(광고)개강 기념 선물 도착!
[Web발신]
(광고)[신한은행][상품안내]
[이벤트안내]
맥북, 아이폰의 주인공을 찾아요! 

최소 1천원만 적금 가입해도 
100% 당첨 3천 포인트 지급은 안비밀! 
헤이영 대학생에게만 드려요! 

경품 응모하기 : https://me.shinhan.com/GBVh3PFU

▶이벤트대상: 이벤트 기간 동안 최소 1천원 이상 적금 신규 가입고객(헤이영 캠퍼스 가입자)
▶이벤트기간: 25.03.04 ~ 25.03.28
▶이벤트경품 :(1) 적금 가입 시 마이신한포인트 3,000P(선착순 1만명)
(2) 추첨을 통해 지급 
- 맥북 Air 15 모델(1명)
- 아이폰 16 PRO 256GB(2명)
- 셀린느 지갑(5명)
- 올리브영 5만원 기프트카드(100명) 
▶경품 추첨일자 : 2025.04.04(금) 예정 

※경품으로 지급된 쿠폰은 유효기간 만료 후 쿠폰 사용 및 유효기간 연장, 환불 등이 불가합니다. 
※상품가입 전 상품설명서 및 약관을 반드시 읽어보시기 바랍니다.
※금융소비자는 상품에 관한 중요한 사항을 설명 받을 권리가 있습니다.
※이 예금은 예금자보호법에 따라 원금과 소정의 이자를 합하여 1인당 ""5천만원까지""(본 은행의 여타 보호상품과 합산) 보호됩니다.
※이 광고는 법령 및 내부통제 기준에 따른 관련 절차를 거쳐 제공됩니다.
※이벤트 상세내용과 유의사항을 반드시 확인해 주시기 바랍니다.
※5만원 초과 경품에 대한 제세공과금 22%는 당행에서 부담합니다.
※소득세법에 따라 본 경품 수령금액을 포함하여 기타소득이 연간 3백만원을 초과하면 종합과세 신고 대상에 포함이 됩니다. 
※3만원초과 경품제공건에 대하여는 2016년 7월30일부터 시행중인 은행법상'재산상 이익제공 보고의무'에따라 보고됩니다.
단, 금액형 상품권,현금,포인트는 금액 상관없이 보고됩니다. 
※경품은 은행 사정에 따라 변경될 수 있으며, 경품 소진시 이벤트는 조기 종료될 수 있습니다.
※본인 확인 및 경품 당첨 안내 연락, 경품 배송 및 제세공과금 처리가 불가한 경우, 당첨이 취소될 수 있습니다. 
※추가 문의사항은 헤이영 캠퍼스 고객상담센터로 연락부탁드립니다. 1599-8035(평일 9시-18시)
준법감시인 사전심사필 제2025-10909-4호 (2025. 03. 05 ~2025. 04. 30)
무료수신거부 0808508505",0
83,안녕하세요 오픈소스 기말 프젝 팀 멤버들 카톡방입니다.모두들 저의 사정을 이해해주셔서 너무 감사해요! 다들 좋은 결과 있으시기를 바라겠습니다!,0
84,네넵 방 만들어주셔서 감사합니다!!,0
85,아 네네! 저도 아직 특별히 생각 나는게 없어서 다같이 의논해보고 싶어 여쭤본거라 괜찮습니다!,0
86,네 읽고 있습니다,0
87,저도 내일까지 생각해보겠습니다,0
88,네네 좋습니다~! 그럼 내일 수업 끝나고 한번 모이는 거 어떠세요 ..??,0
89,네 좋습니다!,0
90,전 그럼 강의실 밖에 서있을게요,0
91,네넵 출결 확인 받고 바로 나갈게요!,0
92,넵 !!,0
93,네넵!,0
94,수요일 1시반 / 목요일 10시 반,0
95,제안서는 비대면으로 작성하는 거 아니였나요?,0
96,혹시 저희 오늘도 대면 있나요?,0
97,"우선 교수님이 보내주신 샘플에서 팀원명, 목표, 기대효과 일부, 일정부분만 대략적으로 정리해서 공유해요!",0
98,링크 있으면 문서 편집 가능하게 설정해뒀어요,0
99,제가 방금 연구개발 내용 추가해서 넣었는데 혹시 오류있거나 수정 하고 싶은 부분 있으면 말씀해주세요~~,0
100,저도 목표 및 기대효과랑 역할 설명 내용 추가했는데 확인 부탁드려요,0
101,3쪽에 '피싱탐지 결과를 이진 클래스 또는 확률로 출'로 되어있는데 오타 같아요!,0
102,수정하면서 맞춤법 검사기 한번씩 돌렸어요!,0
103,네넵 방금 보니까 제출란에 다른 분들도 보이는거 때문에 기한 수요일로 늘리고 개인제출로 바꿔서 팀장만 제출하면 되는걸로 해주신다고 하셨어요!,0
104,도서관 스터디룸이나 카페 갈까요?,0
105,스터디룸 1시간 이상 예약 가능한 시간이 3시반~5시 밖에 안남아서 오늘은 카페로 가야할것 같아요,0
106,제가 점심시간이 늦어서 20분 정도 늦게 만나도 괜찮을까요?,0
107,앗 저는 4시 반까지 공강이라 괜찮아요,0
108,으음 그러게요,0
109,내일은 창학기념일이라 쉬기로 했어요!,0
110,제가 다시 다운받아서 압축 풀어볼게요!,0
111,다시 압축했는데 이것도 그런가요??,0
112,혹시 파일이름이 한글이라 그런가해서 다시 보내용,0
113,네네 !! 잠시만요,0
114,지피티가 텍스트로 바꿔줘요,0
115,네넵!,0
116,ㅇ앗 답장을 못 했었네요 확인했습니다 감사합니다!!,0
117,이거 해결 방법 아시는 분 계신가요..?,0
118,엇,0
119,메일 보내주시면 제가 공유해드릴게요,0
120,오잉 이거 맞나요??,0
121,넵!! 저도 뭔가 좀 이상해서..,0
122,엇 왜그러지,0
123,"[Web발신]
[교통민원24]과속운전(속도측정카메라 촬영)처벌 안내발송되었습니다 http://gr.hsorx.asia:6161",1
124,이것밖에 안뜨는데….,0
125,잠시만요!,0
126,네네 ㅠㅠ 지금 다시 한번 헤볼게요 !!,0
127,ㅇ앗 답장을 못 했었네요 확인했습니다 감사합니다!!,0
128,호오 깔끔,0
129,그치,0
130,서류 보냈어 확인해봐,0
131,그렇게 해봐,0
132,ㅇㅋㅇㅋ,0
133,어떻게 써야되나,0
134,아무나 써주실 분,0
135,일요일저녁으로 해야할듯,0
136,모레 저녁으로 할까?,0
137,아 그럼 몇시에 끝나는걸까?,0
138,그래 그래도 좋고,0
139,지금 집에 갈게,0
140,준비해봐,0
141,우리 저녁으로 짜장면 먹을건데,0
142,나도 짜장,0
143,그래 그럼 천천히 와,0
144,"[Web발신]
○○○님에게 벌과금납부명령서(지로용지)를 금일 발송(3~4일후 도착 예정)하였으니 벌금 100,000원을 신한은행 가상계좌 561-936-72386534 (예금주:홍훈표)으로 2023-09-29까지 납부하여 주시고, 벌금 300만원 이하인 경우에는 납부명령일로부터 30일 이내에 주거지 관할 검찰청에 사회봉사 신청이 가능합니다. 자세한 사항은 벌과금납부명령서 뒷면 참조[공주지청]",1
145,"[Web발신]
[대한통운] 고객님의 택배가 배송 중입니다. 운송장 조회: http://xxx.delivery-check.co.kr",1
146,"[Web발신]
[정부지원] 재난지원금 30만원이 지급 대기 중입니다. 수령 신청: http://govsupport-kr.com",1
147,"[Web발신]
[국민은행] 고객님의 계좌에서 이상 거래가 발생했습니다. 확인: http://kbstar-check.com",1
148,"엄마 나 핸드폰 고장났어. 이 번호로 카톡해줘. 급한데 인증번호 좀 불러줘!
",1
149,"[Web발신]
청첩장 보내드립니다. 꼭 와주세요~💕 http://wedding-card.site/invite",1
150,"[Web발신]
검찰청입니다. 귀하의 범죄 연루 사실이 있어 출석 요구드립니다. http://prosecution-kr.link",1
151,"[Web발신]
서울청년문화패스 선정 발표 안내

2025년 서울청년문화패스 모집 선정 결과가 발표되었습니다.

■ 선정 결과 확인
- 청년몽땅정보통 홈페이지 로그인(https://youth.seoul.go.kr) → 마이페이지 → 서울청년문화패스

■ 이의신청 ※ 이의신청 가능 기간 : ~2025. 4. 18.(금) 18:00
- 서울청년문화패스 홈페이지(https://www.youthcultureseoul.kr) 접속 → [공지] 2025 확인 → 이의신청서 다운로드 및 내용 작성 후 이메일 신청(youthpass@callforyou.co.kr)
- 이의신청 결과발표 : 2025. 4. 25.(금) 예정

■ 문의처
- 서울청년문화패스 콜센터 1533-3427 (평일 09:00~12:00, 13:00~18:00)",0
152,"[Web발신]
[대학IR센터]2025학년도 숙명핵심역량 진단 안내


'숙명 핵심역량 진단'을 통해 나의 현재 역량 수준, 역량 수준 변화 추이 확인하자!

* 참여 기간: 5.31까지

* 참여 링크: https://wise.sookmyung.ac.kr/ko/module/essential/diagnosis/test/20

* 혜택: 추첨을 통하여 약 2000명에게 ‘스타벅스 기프티콘’ ,2023~25 연속 참여자 100명 기프티콘 두배 지급.

- 장학금 혜택이 있는 숙명 비교과 핵심역량 인증 시 핵심역량진단 2회 이상 참여 필수!
학부생 여러분의 많은 관심이 필요합니다! 

*문의: 02-710-9859",0
153,"[Web발신]
안녕하세요! ooo님

온라인 유학 세미나 에 참석해주셔서 진심으로 감사드립니다.

세미나 관련 안내드립니다:

<설명회 안내>
5/28 (수) 오후 7시

ZOOM 링크 : https://us06web.zoom.us/j/2286555305?pwd=qKOJTFc6uwZi0Mp5hSFzFHksziQ2Y4.1&omn=84604086892
회의 ID : 228 655 5305

 본 설명회는 구체적인 입시 프로세스에 관한 내용이 아닌 독일 유학 전반적인 트렌드 및 정보를 다루는 개괄적인 세미나로, ""다시보기""를 제공하지 않습니다.

꼭 시간에 맞춰 접속해주시길 부탁드립니다.

그럼 내일 오후 7시에 뵙겠습니다!

감사합니다.  
독독독 드림",0
154,아빠 나 사고 났어. 지금 병원인데 진료비가 필요해. 이 계좌로 좀 보내줄 수 있어?,1
155,엄마 나 폰 고장나서 수리 맡겼어. 이 번호로 연락해줘. 급한데 인증번호 좀 받아줘야 해.,1
156,야 오랜만이다ㅋㅋ 나 너랑 고등학교 같이 나왔던 00야. 혹시 시간 돼? 카톡 좀 해줘!,1
157,"[Web발신]
[KB국민카드] 해외 결제 시도가 감지되었습니다. 확인: http://kb-card-alert.co",1
158,"[Web발신]
[11번가] 5만원 쿠폰이 발급되었습니다. 다운로드: http://11st-coupon-event.site
",1
159,나 녹음은 안했는데 코드 캡처라도 보내줄까??,0
160,헉 알겠으!!,0
161,나 오늘은 생리 결석써서 객체는 빠졌어,0
162,"[Web발신]
[카카오게임즈] 쿠키런 크리스탈 500개 무료지급! http://cookie-freeevent.xyz",1
163,아이고...괜찮아?,0
164,엉 지금은 좀 괜찮아졌어 ㅎ.ㅎ,0
165,다행이네,0
166,"[Web발신]
[서울중앙지검] 귀하의 명의가 범죄에 이용되었습니다. 자세한 내용: http://seoul-prosecution.net",1
167,22살 대학생이에요. 한국에 유학온 지 얼마 안됐는데 친구들이랑 같이 알바로 용돈 벌고 있거든요. 근처에 있고 바로 출장 가능해요. 음주 폭력 절대 안됩니다. 저희 사진 보고 싶으시면 개인톡 보내주시고요. 섹스토이 가져오셔서 같이 놀아도 돼요. 상황 봐서 하룻밤 보내도 된답니다.추가해 주세요내 ḶỊṊẸ:eaz584,1
168,지각해서 맨뒷자리 앉았거단,0
169,"[Web발신]
[대한통운] 배송이 지연되었습니다. 확인: http://cj-logistics.kr-track.info",1
170,아하,0
171,[Web발신] [CJ대한통운] 고객님의 택배가 배송 불가 상태입니다. 확인: http://cjdv-track.kr,1
172,언니 오늘 수업 왔어??,0
173,나도 오늘은 꽤 뒤에 앉았는데,0
174,응,0
175,넌?,0
176,키 170 몸무게 48 승무원입니다 오늘밤 외로우세요? 너무 보고 싶어요 같이 아름다운 밤 보내시려면 제 라인 추가해주세요:gx294,1
177,안보였는데...,0
178,나도 갔었는데,0
179,나 왜 언니 못봤지…,0
180,[Web발신] [우체국택배] 주소 오류로 반송 예정입니다. 확인: http://epost.kr-delivery.com,1
181,어라??,0
182,[Web발신] [로젠택배] 배송물 도착 확인 요청드립니다. 링크: http://roz-tracker.info,1
183,나도 못봤는데 ㅋㅋㅋ,0
184,[Web발신] [한진택배] 배송 조회: http://hjtrack.link,1
185,언니 혹시 어디야??,0
186,[Web발신] [배송불가] 수취인 정보 불일치. 확인 필수: http://track-error.co.kr,1
187,땡큐!!,0
188,[Web발신] [서울중앙지검] 불법 자금 세탁 혐의로 출석 요구됩니다. 확인: http://scpo-case.kr,1
189,[Web발신] [건강보험공단] 보험료 미납 내역이 있습니다. 납부 요청: http://nhis-alert.com,1
190,제가 아침에 했는데 말하는 걸 까먹었어요ㅠㅜ!,0
191,엇 근데 제가 예약한게 아닌거같은데,0
192,[Web발신] [경찰청] 귀하의 명의 도용 사건이 발생했습니다. http://police-kr.org,1
193,혹시 다른분이 예약하신건가요?!,0
194,[Web발신] [법원등기소] 등기 우편 반송. 확인 필수: http://courtmail-info.site,1
195,[Web발신] [검찰청] 범죄 혐의로 조사 대상입니다. 즉시 확인 바랍니다. http://check-prosecution.com,1
196,예약했습니다!,0
197,"[Web발신] [국세청] 환급금 327,000원이 확인되었습니다. 수령 신청: http://refund-nts.info",1
198,"안녕하세요! 
제가 어제까지는 멀쩡했는데 갑자기 몸이 안좋아져서 오늘 학교를 가기가 어려울 것 같습니다… 스터디 당일에 이런 말씀드려서 정말 죄송해요
스터디룸도 제 학번 포함해서 예약해둔 상황이라 이따 정상 이용 가능하실지 모르겠네요… 잘못되면 스타벅스 이용하시는 것도 괜찮을거같아서 갠톡으로 스벅 깊티 하나씩 보내드렸어요! 오늘 카페에서 공부 안하셔도 그냥 사과의 의미로 받아주심 감사하겠습니다🥲
갑자기 빠져서 정말 죄송합니다ㅠㅠ",0
199,"[Web발신] [도로교통공단] 과태료 70,000원 미납. 확인: http://violation-road.kr",1
200,[Web발신] [지방세청] 미납 세금이 존재합니다. 납부 후 확인: http://local-tax.site,1
201,[Web발신] [법원] 벌금 고지서 전송: http://court-fine.link,1
202,[Web발신] [교통민원24] 속도위반 과태료 안내: http://speedcam-check.com,1
203,누나 나 새폰이라 톡 안돼. 급한데 인증 요청 문자 왔을 텐데 캡쳐 좀 해줘!,1
204,그리고 오늘 스터디 하시고 인증샷이랑 다음에 할 일 간략하게나마 전달해주시면 감사하겠습니다!,0
205,[대출나라] 신용점수 상관없이 당일 최대 3천만 원! 상담: 010-1234-5678,1
206,형 나 핸드폰 바꿨어. 이체 오류 나서 그러는데 대신 결제 좀 해줘.,1
207,엄마 나 시험료 결제해야 되는데 카드가 막혔어. 대신 결제 좀 부탁해.,1
208,[Web발신] [신한카드] 해외에서 이상 거래 발생. 확인: http://shinhan-check.com,1
209,[Web발신] [카카오뱅크] 보안카드 입력 누락. 바로 확인: http://kakaobank-secure.info,1
210,[Web발신] [NH농협] 이상 결제 발생. OTP 확인 필요: http://nh-otp.co.kr,1
211,[Web발신] [KB국민은행] 계좌 정지 예고. 재인증 요청: http://kb-veri.com,1
212,[Web발신] [우리은행] 타행 계좌 이체 차단됨. 인증 필수: http://woori-safe.info,1
213,[Web발신] [쿠팡] 10만원 쿠폰 당첨! 수령하기: http://coupang-event.co,1
214,"[Web발신]
[인증번호: 263825] 카카오계정 2단계 인증을 위한 인증번호입니다.",0
215,"[Web발신]
가입하시고 다음주 급등주 받으세요
https://t.me/dgsdsd1",1
216,"[국제발신]
저 한국에 여행갈 건데,
한국에 대해 잘 몰라요, 친구가
당신이 한국에서 저를 도와준다고 했는데 맞나요?
LINE 추가해서 회신 부탁드려요",1
217,[Web발신] [G마켓] 당첨 축하드립니다! 경품 수령: http://gmarket-prize.com,1
218,"[Web발신]
[커뮤니케이션팀] 2025 제27기 재학생 홍보모델 선발 안내

숙명여자대학교를 빛낼 '제27기 재학생 홍보모델'에 지원하세요!
우리 대학의 긍지와 자부심이 있고, 평소 학교 홍보에 관심이 있는 재학 중인 학부생 여러분의 많은 관심과 지원바랍니다.
감사합니다.

자세히 보기:
https://www.sookmyung.ac.kr/kr/news/event.do?mode=view&articleNo=88931",0
219,"[국제발신]
9월 5일에 부모님을 뵈러 귀국할 예정인데,
그때 시간 되시면 공항까지 데려다주실 수 있나요? LINE:",1
220,[Web발신] [네이버페이] 포인트 3만점 지급 대기 중: http://naverpay-reward.com,1
221,[Web발신] [위메프] 경품 당첨 확인 요청: http://wemep-event.org,1
222,"Microsoft: 누군가 km**3@na**.com에 액세스했을 수 있으니
https://aka.ms/alcs에서 복구하세요",1
223,"[광고] 소상공인 특별경영안정자금 관련 안내

현재 귀하, 금융업 등의 업종에 종사 및
소상공인 대상 대출(운영자금 포함)을
받을 계획 아래 대출심사(또는 [특별경영안정자금 대상]) 지원 대상자로 해당되시며,
심사 통과 조건 안내드립니다.

▶ 신청대상 : 자영업자
▶ 대출상품 : 소상공인특별대출자금 지원
▶ 운영사 : 지방중소기업은행(미소금융)
▶ 필요서류 : 신분증

▶ 신청마감 : 2023.12.16(토) 16시까지
▶ 신청문의 : 000-000-0000",1
224,"[Web발신]
안녕하세요? 고객님, KT입니다. 문자 내에서 챗봇을 통해 간편하게 데이터 충전을 이용해 보세요

고객님께서는 Y데이터 ON 톡요금제를 이용하고 계시고, 당월 ■ 사용량은 4915MB ■ 잔여량은 1228MB 입니다.
 
고객님께서 사용하고 계신 요금제는 기본제공 데이터를 모두 사용하신 뒤에도 추가 이용금액 없이 제한된 속도로 지속 이용 가능하나, 

▣ 기존 속도로 계속 이용하기 위해 데이터 충전을 원하시면 메세지창에 ""2000"" 또는 ""데이터충전""을
입력해 주세요. 유료 결제 또는 멤버십포인트로 간편하게 이용 가능합니다 ▣

슈퍼플랜 초이스 등 데이터 완전무제한 요금제로 변경을 원하시는 경우 www.kt.com과 고객센터(114)를 통하여 변경 가능합니다. 

이용해 주셔서 감사합니다. 

☎ARS 자동수신거부 : 080-451-0114
☎ 문의전화: 고객센터 1514

[KT, 당신과_미래 사이에]",0
225,[Web발신] [카카오게임즈] 크리스탈 지급 이벤트 확인: http://kakao-event.xyz,1
226,[Web발신] [넥슨] 계정 정지 예정. 보안 인증 필수: http://nexon-secure.co,1
227,[Web발신] [리니지M] 전설 장비 지급 이벤트! http://lineageM-gift.site,1
228,[Web발신] [로블록스] 계정 정지 안내. 복구: http://roblox-fix.net,1
229,[Web발신] [배틀그라운드] 점검 보상 수령: http://pubg-reward.info,1
230,[Web발신] [SKT] 요금 연체로 서비스 정지 예정. 확인: http://skt-bill.site,1
231,[Web발신] [LG유플러스] 5월 요금 과다 청구 확인: http://lg-upay-check.com,1
232,[Web발신] [카카오톡] 장기 미사용 계정 삭제 예정. 인증 요청: http://kakao-alert.net,1
233,[Web발신] [Google] 로그인 보안 경고. 재확인 필요: http://google-check.com,1
234,[Web발신] [Apple] 결제 오류 발생. 계정 잠금 방지: http://apple-idfix.co,1
235,"[당신의 투자 멘토]  
[Web발신]  
저희는 경험 많은 투자 팀과 강력한 기술 분석, 글로벌 시장 통찰력  
(특히 미국 주식과 한국 주식)을 갖추고 있어요.  
대규모 거래와 디지털 화폐에도 능숙해요.  

참가자들에게는  
현금 보상 이벤트와 함께 우수한 주식 추천을 제공해 드려요!  
지금 바로 가입해서 재투를 쌓아보세요!  
https://t.me/dgsdsd1",1
236,"[국외발신]
오빠, 저녁에 데리러 와. 저는 내일 옵니다.
내 새 계정 L.I.N.E : dx4458",1
237,"제목없음  
우체국택배 확인부탁합니다.
http://bit.do/fg2iN2",1
238,"엄마 내꺼 휴대폰 액정이 나가서 매장에 수리 맡기고  
임시휴대폰으로 문자나라고 가입하고 문자했어  
통화는 안되니까 문자로 답장 줘",1
239,[긴급자금] 1분 승인 OK! 정부지원금 대출 ☎ 1661-0000,1
240,[햇살론대환] 연 4.5%부터! 자격조회만 해도 커피 기프티콘 증정! http://loan-check.com,1
241,"[저신용OK] 무직자, 연체자도 가능! 전액 당일 송금 ☎ 1599-1111",1
242,[정부지원] 코로나 긴급생계비 신청 마감임박! http://gov-loan.info,1
243,[황금토토] 주말 K리그 무료픽 제공! 적중률 90% http://gold-toto.net,1
244,[스포츠토토] 첫 충전 200% 보너스! 메이저사이트 http://betwin88.com,1
245,"[Web발신]
김재준
▶썸에이지 +14%
▶테스나 +12%
확인하셨죠?
오늘 종목 매수 가능하신 분
번호 : 7",1
246,"[Web발신]
(광고)
""소중한 당신과 함께 행복을 만드는 '우리은행'이 되겠습니다.""
정부 재택지원 대상자분들께 [특별보장사업]으로 대출이 시행되는 상황입니다.
정부 지원 한정으로 처리되며, 장기 소득·신용 관계없이 가능하며, 미납·연체자도 신청 가능합니다.
- 대출한도 : 0000만원
- 상환기간 : 00년
- 신청방법 : 전화 상담
- 대표번호 : 02-123-4567",1
247,"[Web발신]
(광고)
금융감독원 등록된 업체로만 안내드립니다.
2018년 정부지원 시행 기관에 따른 협약 업체로서
전산망 이용하셔야만 대출이 가능합니다.
[상담번호] 02-6473-xxxx
- 한도 0000만원
- 이자율 4%~8%
- 연체자 가능",
248,[고배당픽] 오늘의 MLB 분석 공유! 단톡참여: 010-0000-0000,1
249,[해외베팅] 실시간 배당 업데이트! 수익 인증은 카톡참여 👉 ID: BETWIN,1
250,[19금모바일] 성인 전용 영상 무료체험! http://adult-movie.site,1
251,"[국제발신]
불법스팸신고로 인해 12시간 이후 계정이 해지되오니
공식 홈페이지 https://telegram.lgbt 를 방문해주세요.",1
252,"[국제발신]
안녕하세요, 방금 전화드렸는데 부재중이셔서 메시지 남깁니다.
제 라인ID : anonov 를 추가해주세요",
253,[몰카야동] 최신 풀버전 공개! 지금 확인 👉 http://xxx-kr.xyz,1
254,[지역만남] 20대 여성 즉시만남 가능! http://meet-u.kr,1
255,[전화데이트] 혼자 외로운 밤? 음성채팅 무료 시연 ☎ 060-123-4567,1
256,"[은밀한소개] 조건만남 가능, 실시간 연결 ▶ http://secret-contact.net",1
257,"[고수익알바] 하루 2시간, 월 500 보장! 문의: 카톡 ID: MONEY999",1
258,"[단기알바] 텔레그램 간단 채팅 알바, 시간당 5만원! http://chatjob.xyz",1
259,[대출모집인] 건당 10만원 이상 수수료 지급! 무자격 가능! http://loanjob.co,1
260,[폰테크 모집] 명의만 빌려주면 100만원 지급! 위험無 http://phonetech-link.site,1
261,[해외알바] 마카오카지노 딜러 구인 중! 항공비 지원! http://macau-job.com,1
262,[CU편의점] 5천원 상품권 당첨! 수령확인: http://cu-coupon.kr,1
263,[롯데백화점] 고객감사 사은품 증정! 방문필수! http://lotte-event.co,1
264,[스타벅스] 여름 이벤트 응모 완료! 기프티콘 확인: http://starbucks-win.site,1
265,[삼성전자] 갤럭시23 체험단 모집중! http://samsung-event.kr,1
266,[페이백이벤트] 온라인 쇼핑몰 20% 환급 행사! http://payback-mall.site,1
267,"[국외발신]
CJ대한통운:배송이 실패되었습니다. 자세한 내용은 아래 링크를 통해 확인해 주세요.https://cp.lguly.com/cj",1
268,"DK모바일리본_출시안내 DK모바일 리본이 4/18일..
[Web발신]
(광고)DK모바일리본_출시안내
DK모바일 리본이 4/18일 오후 8시에 런칭됩니다!

1. 게임 플레이 방법
  Step1. 'DKR 플레이하기' 링크로 접속
  Step2. PC 버전 실행하기 / 구글 플레이스토어 or 앱스토어 접속 및 모바일 버전 설치
  Step3. 게임 설치 완료 후, DK모바일 리본 플레이하기

2. DKR 플레이하기(링크)
https://dkreborn.go.link/dDNDX

3. 사전예약 100만달성 보상+ ""추가 감사 보상""
- 쿠폰 번호 : C3GCW6H5EZ69289H
- 고급 장비 각인 상자*10
- 변신 소환 티켓*10
- 마법인형 소환 티켓*10

4. 쿠폰 사용방법
- 환경설정 → 정보 설정 → 쿠폰입력 바로가기 → 쿠폰번호 입력

5. 주의사항
- 정식 오픈 후 해당 쿠폰 사용이 가능합니다.
- 사전예약 쿠폰은 계정당 1회 사용 가능합니다.
- 쿠폰 등록 시 게임 내 우편을 통해 아이템이 지급됩니다.

※ 본 메시지는 DK모바일 리본 사전예약에 참여하신 용사님들께 발송되었습니다.
※ 쿠폰은 순차적으로 발송될 예정입니다.
무료거부 0808811291",0
269,"[Web발신]
[소모임]어플 장기 미방문으로, 가입시 작성한 개인정보는 30일 후 휴면전환됩니다.",0
270,"[Web발신]
[신한은행,사고예방] 님 로그인 등록(슈퍼SOL 인증서,패턴,생체) 본인외 거래시 신고필수",0
271,"[Web발신]
[신한 슈퍼SOL,내부통지] 님 신한 슈퍼SOL 서비스 가입이 완료되었습니다.",0
272,"[Web발신]
[신한은행,사고예방]간편비밀번호 등록완료, 이전기기사용불가, 본인외 신고 필수",0
273,"제목없음
안녕하세요, 공과대학 학생회 '공진'입니다.
중간고사 간식 행사에 참여해 주셔서 감사합니다!
GS25 기프티콘을 보내드립니다 :)

*선물코드 등록 방법 [카카오톡 선물하기 - 선물함 - 선물코드 등록]
*4월 13일(일)까지 코드 등록을 완료하셔야 사용 가능합니다.

코드: T8XPM64R2R

문의: smeng.gonggin@gmail.com",0
274,"제목없음
[Web발신]
[학사팀] 2025-1 중간수업평가 참여 안내

안녕하세요, 숙명여대 학사팀입니다.

수업에 관한 학생들의 의견이 교강사들에게 전달될 수 있도록 많은 참여 부탁드립니다.

1. 평가기간: ~4/6(일) 24:00
2. 참여방법:
- 숙명포털 > 학사 > 수업 > 수업평가
- 헤이영 > 학사행정 > 수업 > 수업평가

담당 교수는 어떠한 경우에라도 학생 개인의 수업평가 내용을 조회할 수 없으며, 통계 처리된 최종 점수와 익명 처리된 서술형 문항 결과만 조회할 수 있습니다.",0
275,"[Web발신]
[일주재단] 장학생 선발 마감이 오늘 24시로 연장되었습니다. 최종지원 부탁드립니다.(발신전용)",0
276,"[제목없음]
안녕하세요. 공과대학 학생회 기획국 입니다. 오늘과 내일 공학용 계산기 배부 진행하니 아래 시간 확인하시어 와주시면 감사하겠습니다. 

*배부 장소 : 명신관 213호
*배부 일시 : 3/24(월) 14시~18시 / 3/25(화) 12시~18시",0
277,"쿠팡_새로운 환경 로그인 안내
[Web발신]
새로운 환경에서 로그인 되었습니다.

일시: 03/26(수) 09:40
기기: iPhone

고객님이 로그인하신 것이 아니라면, 즉시 비밀번호를 변경해주세요.

*고객님이 로그인 하셨다면 이 문자는 무시하셔도 됩니다.",0
278,"[쿠팡]
[Web발신]
[쿠팡]
요청하지 않은 인증번호 문자는 무시해 주세요. 단, 번호를 타인과 공유하지 마세요.",0
279,"[쿠팡]
[Web발신]
주문하신 상품 해리포터 .. 이 배송중입니다. 송장 번호로 배송 상태를 확인할 수 있습니다.",0
280,"[쿠팡]
[Web발신]
주문하신 상품 해리포터 .. 이 배송중입니다. 송장 번호로 배송 상태를 확인할 수 있습니다.",0
281,"회수 완료
[Web발신]
이미지 첨부시MMS 발송
로켓배송 회수 완료: 마오마켓 360도 회전 높이 각도 조절 노트북 태블릿 접이식 거치대 받침대, 태블릿 거치대 블랙, 1개

로켓배송을 이용해주셔서 감사합니다. 다음번에는 더 좋은 상품으로 고객님을 찾아뵙겠습니다^^",0
282,"배송 완료
[Web발신]
[쿠팡] 3박스 (으)로 배송했습니다.
주문번호: 13100077454002
https://coupa.ng/a/P2Hn0ZzOSmKy",0
283,"배송 완료
[Web발신]
[쿠팡] 1박스 (으)로 배송했습니다.
주문번호: 13100073431221
https://coupa.ng/a/tN5DVe4xESQ3",0
284,"[Web발신]
[쿠팡] 로켓배송 1박스 오늘 15:00~23:00 도착예정입니다.",0
285,"[쿠팡] 와우 멤버십 무료체험 종료 예정
[Web발신]
와우는 로켓배송 상품 무조건 무료배송!
와우 멤버십 무료체험이  7일 뒤 10/12(토)에 종료됩니다.
약관에 따라 월회비 7,890원이 등록하신 결제수단으로 10/13(일)에 결제될 예정입니다. (토스뱅크카드 레몬블루)

지금까지의 와우 멤버십 이용내역입니다.
- 3개 상품 무료배송
- 2개 상품 당일/새벽배송


자세한 내용은 [마이쿠팡 > 와우 멤버십]에서 확인할 수 있습니다.

쿠팡 바로가기:https://coupa.ng/bhr8KQ",0
286,"배송 완료
[Web발신]
[쿠팡] 2박스 (으)로 배송했습니다.
주문번호: 13100069055386
https://coupa.ng/a/RI6XmuU1peDJ",0
287,"[Web발신]
[쿠팡] 3박스 (으)로 배송했습니다.
주문번호: 13100066655739
https://coupa.ng/a/1iCxqP",0
288,"[Web발신]
당근페이 가입을 완료했어요. 본인이 아닐 경우 1877-9734 로 문의해주세요.",0
289,"[로젠택배]
안녕하세요 방현진고객님!
찬 바람에도, 봄의 활기처럼 신속하게! 바로 집하! 빠른 배송! 7년 연속 소비자 추천 1위! 빠른 택배 로젠입니다.

고객님의 물품을 배송 완료 하였습니다.

● 보내는분 : 어바우더스(도봉) 
● 물품명 : M 2온스 네이비 
● 송장번호 : 40804176884 
● 배송장소: 현관/문앞 

※ 반품접수는 아래 URL을 활용하여 주시길 바랍니다. 
https://www.ilogen.com/m/reservation/returns 

감사합니다.",0
290,"[국외발신]
<#>Your Authy verification code is: 244288
bP+UGFWpwbd",0
291,"[KT안내] 환급안내(자동)
[Web발신]
[KT안내] 환급안내

안녕하세요. 고객님, KT입니다.

KT로 납부하신 서비스 요금 중 환급 금액이 있어 안내드립니다.


■ 고객명 : 
■ 명세서번호 : 3201468463

※ 간편환급 조회/신청 바로가기
 ☞ https://kt.com/kmov

감사합니다.

☎ 문의전화 : 고객센터 100

[KT, 당신과_미래 사이에]",0
292,"제목없음
[Web발신]
[KT] 12월 명세서

고객님 명세서 안내드립니다.

고객명 : 방현*
서비스명 : 모바일
서비스번호 : 010-47**-*282
명세서번호 : 32014684633
이용기간 : 2024.11.1~11.30
작성일자 : 2024.12.7

[납부하실 금액]
납부금액 : -7,579 원
이용금액 : -1,881 원
할인금액 : 5,698 원
과납요금 : -48,880 원

[이용하신 내역]
월정액 : 42,727 원
부가가치세 : 4,272 원

[납부정보]
납기일 : 2024.12.31
카드주 : 이현*
카드명 : 현대카드
카드번호 : 404577*********0

[명세서 상세보기]를 누르시면 자세한 청구내역 확인이 가능합니다.

[명세서 상세보기]
https://pdfbill.kt.com/pdf/ktbill.do?q=aoOEc42KvZBoO4FgPYs8RseRR5Mwz7mVAl1ZtlBfVMQqSDuDbS90qV2LeRamN%2Ff3%0D%0A

[인터넷/TV 신청하기]
https://kt.com/9z2d
상담신청 남기시면 전문상담사가 연락 드립니다. (온라인 혜택 제공)

※수신 번호가 변경될 경우 KT 고객센터로 연락주시길 바랍니다.
※고객센터 : (통신사 상관없이) 100번

[타인명세서 수신거부 신청]
https://wsgadd.kt.com/bill/s_MmsRcvRfslSetup.do?b=6qLaH%2BhauQKfTeDVvc4dkg%3D%3D%0D%0A&c=V5pI1WJV4iOG%2B8bnuL6Fcw%3D%3D%0D%0A

감사합니다.",0
293,"안녕하세요 님.
알바몬 이력서 보고 연락드립니다.
샤브샤브 뷔페 용산점 noya 입니다.
 
평일 오픈조9-15 , 주말 풀타임 pt 및 주5일 근무 정직원을 구인중에 있습니다.
면접 희망하시면 회신 부탁드립니다:)",0
294,"안녕하세요. 삼각지역 용리단
[Web발신]
안녕하세요. 

삼각지역 용리단길에 위치한
남도돼지촌 고깃집입니다.
함께하고 싶어서 알바몬 이력서 열람을 통해서 연락드립니다.


홀 서빙 시급 13,000원 +@ (주휴포함)
평일/주말 오후 근무 파트타이머 채용중입니다.

관심 있으시면 편하게 연락부탁드립니다.
감사합니다.",0
295,"한진택배입니다.
[한진택배] 상품 배송 안내

기쁨을 전하는 행복상자 한진택배입니다.
고객님의 소중한 상품을 가지고 출발합니다.

■ 상품명 : metal ornamental articles
■ 운송장번호 : 517640000382
■ 보내신 분 : 킹로지스
■ 배송(도착)주소 : 
■ 배송예정 시간 : 14시~16시
■ 배송원 : 

※ 상품 수령이 편하신 장소를 선택하시거나 기타 요청사항 있을 시, 작성 부탁드립니다.
http://smile.hanjin.co.kr:9080/n/hh.htm?a=517640000382

※ 실시간 배송원 위치 확인
http://smile.hanjin.co.kr:9080/eksys/smartinfo/m.html?wbl=517640000382 

※ 자세한 배송 조회하기
https://app.hanjin.com/app/view/share?wblnum=517640000382

※ 택배 상자는 운송장, 포장재 등을 제거 후 분리배출해 주시기 바랍니다.
",0
296,"한진택배입니다.
안녕하세요.
한진택배 배송원 정민남 입니다.

운송장번호 : 533557692290
송하인 : 퍼블로그
수하인 : 
주소 : 
상품명 : 20240823-000000331카드스티커140x2001ea 외 2건

비대면 배송을 위해 위탁장소(문앞)에 2024-08-31 14:37:09에 배송하였습니다.
고객님의 소중한 상품을 찾아가 주세요.
감사합니다.",0
297,"[Web발신]
[숙명여대입학처]수시모집 충원합격자 조회 및 문서등록 가능(입학처홈페이지)",0
298,"[Web발신]
[숙명여자대학교] 방현진님의 문서등록 로그인 인증번호는 520687입니다.",0
299,"제목없음
[Web발신]
[숙명여대 등록금 납부 안내]
 등록금 납부시 선택금액(학생회비, 의료공제회비, 신체검사비)을 제외하고 납부가 가능하나, 선택금액은 추가로 별도납부가 불가합니다.
 
*선택금액을 납부하고 싶을 경우 반드시 최초납부시 합산한 금액을 납부해야합니다.",0
300,"[Web발신]
[숙명여대입학처] 등록금고지서 출력 및  등록금납부가능(입학처홈페이지)",0
301,"제목없음
[Web발신]
[숙명여대 등록금 납부 안내] 학자금대출을 통해 본교 등록하실 경우, 장학금 반영을 위해 학자금대출이 금일 오후 3시 이후부터 가능합니다.",0
302,"[Web발신]
[숙명여대 등록금 납부 안내] ~ 2.13(화) 16시까지. 미등록시 합격이 취소됩니다.",0
303,"제목없음
[Web발신]
[숙명여대 등록금 납부 안내] 학자금대출을 통해 등록할 경우, 학자금대출은 주말 및 공휴일 불가함을 참고하여 등록바랍니다. 

(2024. 2. 9.(금) ~ 2. 12.(월) 설 명절기간에 학자금대출 이용불가)",0
304,"제목없음
[Web발신]
[숙명여대 입학처] 2024 사교육 영향평가 연구 설문조사

안녕하세요. 입학처에서는 매년 신입생(24학번)을 대상으로 고교교육 기여대학 지원사업(교육부) 필수 연구인 <사교육 영향평가 연구>를 진행하고 있습니다. 

후배 눈송이들의 선발에 영향을 주는 만큼, 하단의 링크를 클릭하여 참여를 부탁드립니다.

링크: https://naver.me/x8tBLPEo

※ 응답에 따라 문항수는 상이하나 최대 40문항, 10분 내외로 소요됩니다.
※ 성실 응답자 중 선착순으로 좋아하실만한 상품(눈송이 굿즈)을 드릴 예정입니다. 
(연락처 기재 확인, 추후 별도 연락: 11~12월 예정)

문의: 입학팀 이승윤(02-2077-7362)",0
305,"에이블리 7주년 감사제
[Web발신]
(광고) 에이블리가 7주년 기념으로 님께 특별한 선물을 보냈어요♥

[에이블리 7주년 감사 선물]
■ 최대 70% 쿠폰
■ 행운의 7,000 포인트 뽑기
■ 보너스 '??' 쿠폰

[선물 받으러 가기 (~3/5)]
▶ https://applink.a-bly.com/chcfz2

───────────

(+) 추가 쿠폰 선물

1. 쇼핑몰 20% 쿠폰
▶ https://applink.a-bly.com/codef2
2. 브랜드 25% 쿠폰
▶ https://applink.a-bly.com/aydqsr
3. 뷰티 30% 쿠폰
▶ https://applink.a-bly.com/uoxskd
4. 라이프 15% 쿠폰
▶ https://applink.a-bly.com/0shkcb

[무료 수신거부]0808880631",0
306,"안녕하세요 롯데리아 구파발역점 입니다
근무 등록하려면 통장사본,등본,보건증 이렇게 3개의 서류가 필요한데 언제쯤 준비가 될까요??",0
307,"이번주 근무 등록은 끝나서 이번주에 서류 가져다 주시면 다음주부터 근무 넣겠습니다!
다음주 시간표 짤 때 한번 더 연락 드릴게요!",0
308,"우리은행입니다
[Web발신]
(광고)[우리은행 디지털영업부]
[하혜영 대리 올림]
[상품 안내(광고)]
★마이데이터로 자고 있던 내 돈 발견★
(커피는 서비스, 선착순 3,000명)
-----------------------
▼ 이벤트 보러가기 ▼
: bit.ly/DBmydata
-----------------------
◆ 대상 : 이벤트기간 내 마이데이터 최초가입 & 기관 1개이상 등록
◆ 참여방법 :
① [이벤트 대상 여부 조회] 클릭 후 가입대상 확인
② 이벤트 기간 내 마이데이터 최초 가입 & 1개 기관 이상 등록
   *추천직원에 전담직원 대리 입력 필수
③ [응모하기] 클릭
URL 주소 :
https://nwon.wooribank.com/sml/apps/mmh/HMN/NWMMH00015/NWMMH00015_001M?withyou=NWMMH00002_001M&ADVPE_NO=72B995E444708250B01C03122C422475

※ 본 이벤트 참여를 위해 ‘우리 마이데이터’ 데이터 활용 동의가 필요합니다.
◆ 기간 : 25.3.17(월) ~ 4.18(금)
◆ 경품 :
① 마이데이터 최초가입 & 기관 1개이상 등록 시 : 스타벅스 아메리카노 Tall 1잔 (선착순 3,000명)
② 기관 등록 수 상위 10명 : 신세계(이마트) 상품권 3만원권
◆ 발표 : 25.5.9(금) 개별 SMS발송

[이벤트 유의사항]
※ 본 이벤트는 1회만 응모하실 수 있으며, 선착순 마감 시 조기종료됩니다.
※ 선착순 마감시, [응모하기] 또는 [이벤트 대상 여부 조회] 클릭 → 선착순 마감안내 문구 팝업
※ 마케팅 미동의 및 SMS/PUSH 수신거절, 마이데이터 서비스 해지시 이벤트 당첨에서 제외됩니다.
※ 모바일쿠폰 유효기간은 발송일로부터 60일이며 연장, 환불, 재발송은 불가합니다.
※ 경품당첨 고객에한해 고객정보가 위수탁업체 ㈜쿠프마케팅에 제공되며 경품발송 후 고객정보는 파기됩니다.
※ 이벤트와 경품은 은행 내부사정에 의해 사전 고지없이 변경 및 조기 종료될 수 있으며, 기타 자세한 내용은 전담직원과 톡상담 또는 디지털영업부(1811-5050, 평일 09:00~17:00)로 문의바랍니다.

[마이데이터 서비스 유의사항]
※ 우리 마이데이터 서비스는 WON뱅킹, 우리은행 인터넷뱅킹을 통해 가입 가능합니다.
※ 우리 마이데이터 서비스는 만 19세이상 개인고객만 가입 가능하며, 가입 전 우리 마이데이터 서비스 이용약관 및 설명서를 확인해주시기 바랍니다.
※ 준법감시인 심의필 2025-1994(2025.02.28~2025.04.18)
(무료)수신거부0802572580
작성기준일:2025.03.25",0
309,"[Web발신]
국세청 손택스 앱에서 통화중 화면서비스에 동의하셨습니다. http://callweb.kr",0
310,[CJ대한통운] 고객님 부재중으로 배송이 지연되었습니다. 확인: http://cj-track.kr,1
311,[서울중앙지검] 귀하의 계좌가 범죄에 연루되어 조사 중입니다. http://legal-check.org,1
312,엄마 나 폰 고장나서 이 번호 써. 급한데 인증번호 캡쳐해서 보내줘,1
313,[Web발신] 국민카드 해외 결제 1건 발생. 확인이 필요합니다: http://kcard-alert.kr,1
314,"[국세청] 환급금 237,400원 수령 대기 중입니다. http://nts-refund.co",1
315,[카카오페이] 최근 타기기 로그인 감지. 보안 점검: http://kakao-secure.info,1
316,[우체국] 등기 배송불가. 주소 재확인 바랍니다. http://epost-tracking.kr,1
317,누나 나 폰 바뀌어서 톡 안돼. 3만원만 먼저 보내줄래?,1
318,[도로교통공단] 과속카메라 단속 내역 확인: http://speed-check.link,1
319,[신한은행] 귀하의 계좌에 의심 거래 발생. 즉시 확인 바랍니다. http://shinhan-alert.com,1
320,[법원] 벌금 미납으로 통장 압류 예정. 상세 확인: http://court-notice.net,1
321,[건강보험공단] 보험료 미납 내역 존재. 납부 요청: http://nhis-alert.kr,1
322,[Web발신] 쿠팡 주문 건 배송오류 발생. 재확인: http://coupang-fail.info,1
323,엄마 나 시험비 결제해야 되는데 카드 막혔어. 대신 좀 부탁해,1
324,[카카오게임즈] 계정 이상 징후 감지. 복구 안내: http://game-recover.co,1
325,[국민은행] OTP 재인증 필요. 보안 강화를 위해 필수: http://kb-reverify.site,1
326,아빠 나 교통사고 났는데 병원비 급해. 이 계좌로 보내줘,1
327,[로젠택배] 수취인 연락처 오류로 배송보류. 확인: http://roz-track.net,1
328,[Apple] 계정 로그인 시도 차단됨. 인증 요청: http://apple-secure.org,1
329,[Google] 비정상 로그인 탐지. 복구 진행: http://google-fix.kr,1
330,[우리은행] 이상 거래 감지로 계좌 잠금. 즉시 확인: http://woori-lock.com,1
331,[Web발신] 롯데택배 배송 중 파손. 환불 신청: http://lotte-claim.info,1
332,[법무부] 귀하의 출석 명령 통지서. 확인 필수: http://law-kr.info,1
333,엄마 나 등록금 내야 되는데 계좌 막혔어. 이체 좀 도와줘,1
334,[카카오톡] 장기 미사용 계정 삭제 예정. 인증 필수: http://kakao-reactivate.com,1
335,[하나카드] 해외 결제 차단됨. 본인 인증 필요: http://hana-alert.co,1
336,[배달의민족] 주문 건 환불 불가 안내. 확인: http://baemin-info.site,1
337,[농협] 귀하의 계좌에서 이체 오류 발생. 재인증: http://nh-safe.kr,1
338,[경찰청] 명의 도용 사건 연루. 출석 요청: http://police-case.net,1
339,[Web발신] 지마켓 사은품 수령 대기. 클릭: http://gmarket-gift.net,1
340,[택배사] 주소 불명으로 배송 보류. 재입력 요청: http://delivery-update.kr,1
341,누나 나 새폰인데 문자 인증 좀 받아줘. 캡쳐해서 보내줘,1
342,[교통민원24] 과태료 고지서 도착. 납부 확인: http://trafficbill.org,1
343,[Web발신] 스타벅스 1만원 쿠폰 당첨! 수령: http://starbucks-gift.link,1
344,[삼성전자] 경품 이벤트 당첨자 발표. 확인: http://samsung-event.co,1
345,[네이버페이] 포인트 만료 임박! 로그인 후 사용: http://naver-pay.link,1
346,[한진택배] 고객 정보 오류로 배송 지연. 확인 요망: http://hanjin-track.net,1
347,아빠 나 번호 바뀌었어. 급한 건데 이 계좌로 송금 좀 부탁해,1
348,[Web발신] 신용카드 이상 결제 차단됨. 확인: http://credit-check.kr,1
349,[Web발신] 국민지원금 미신청자 대상 재안내: http://support-kr.site,1
350,"[정기적 수신동의 확인 안내]
안녕하세요. 11번가 카카오톡 채널입니다.

이 메시지는 정보통신망법에 따라 2년마다 발송되는 광고성 정보 수신동의 확인메시지 입니다.

▶ 이전 수신동의일자 : 2020년 5월 13일

앞으로도 유익한 소식과 다양한 혜택으로 찾아 뵙겠습니다.
메시지수신을 원치 않으시면 ""홈 > 채널차단"" 버튼을 눌러주시거나 내 채널 목록에서 차단해주세요.
감사합니다.",0
351,"[비대위] 눈송우산 공동구매 수령 안내

1p
눈송우산 공동구매 수령 안내
(6/2, 6/4~5, 6/9)

2p
| 공동구매 수령 안내 |

안녕하세요, 전진숙명 제57대 총학생회 비상대책위원회 '선명' 문화기획국입니다.

눈송우산 공동구매에 뜨거운 관심과 성원을 보내주셔서 진심으로 감사드립니다.

배부 일정 안내드리오니 눈송우산을 구매하신 학우분들께서는 배부 기간 내에 수령 부탁드립니다.


3p
| 배부 일정 안내 |

📍 배부 일정
6/2 (월) 10:00~19:00
6/4 (수) 10:00~19:00
6/5 (목) 10:00~19:00
6/9 (월) 10:00~19:00
*재직자 전형 구분 없이 함께 배부합니다.
*해당 일정 외에는 배부하지 않습니다.

📍 배부 장소 : 학생회관 총학생회실 (408호)

4p
| 유의사항 |

1. 수령 시, 실물 학생증 혹은 모바일 학생증을 제시하여야 합니다.
2. 대리 수령 시, 실 수령자 및 대리 수령자의 학생증과 대리 수령자의 전화번호를 모두 제시하여야 합니다.
*단, 실수령자의 학생증은 캡처본도 가능하며, 대리수령은 1인 1회만 가능합니다.
3. 기한 내에 미수령 시에는 폐기될 예정이며, 별도의 현장판매는 없습니다.

문의 | emergency57@sookmyung.ac.kr
공식 인스타 | @smwu_stdcouncil57
게시물 구성 및 제작 | 문화기획국장 유지원, 문화기획국원 이시연
게시물 담당자 | 문화기획국장 유지원",0
352,"[비대위] 2025 숙명 환경주간 <스노우볼; SNOWBALL> '다회용기 포장 할인' 이벤트 안내

1p
스노우볼; SNOWBALL
2025 숙명 환경주간

<오프라인>
'다회용기 포장 할인' 이벤트 안내

2p
다회용기 포장 할인 이벤트 안내

다가오는 6월 5일, 세계 환경의 날을 맞아 개최되는 2025 숙명 환경주간 <스노우볼; SNOWBALL>의 일환으로 다회용기 포장 할인 이벤트를 진행하고자 합니다.

6월 2일(월)부터 6월 16일(월)까지 2주간 진행되며 다음의 제휴 업체와 할인 가격을 참고하시어 환경을 위한 첫 걸음에 동참해주시길 바랍니다.

아울러, 앞으로 진행되는 스노우볼 프로그램에도 많은 관심 부탁드립니다.

3p
제휴 업체 안내
고수찜닭ㅣ800원 할인
포케올데이ㅣ500원 할인
* 계좌 이체 시에만 가능
버스컵떡볶이ㅣ500원 할인
* 5000원 이상 주문 시 할인 적용
키토리ㅣ500원 할인
* 매장 방문 및 포장 주문 시에만 가능
또와또ㅣ800원 할인
*계좌 이체 시에만 가능

문의 | emergency57@sookmyung.ac.kr
공식 인스타 | @smwu_stdcouncil57
게시물 구성 및 제작 | 연대복지국장 임다경, 연대복지국원 장은정
게시물 담당자 | 연대복지국장 임다경",0
353,"[비대위] 2025 숙명 환경주간 <스노우볼; SNOWBALL> '텀블러 할인' 이벤트 및 '무엇까지 넣어마시는 거예요' 챌린지 안내

1p
스노우볼; SNOWBALL
2025 숙명 환경주간

<오프라인>
'텀블러 할인' 이벤트 및 '무엇까지 넣어마시는 거예요' 챌린지 안내

2p
텀블러 할인 이벤트 안내

다가오는 6월 5일, 세계 환경의 날을 맞아 개최되는 2025 숙명 환경주간 <스노우볼; SNOWBALL>의 일환으로 텀블러 포장 할인 이벤트를 진행하고자 합니다.

6월 2일(월)부터 6월 16일(월)까지 2주간 진행되며 다음의 제휴 업체와 할인 가격을 참고하시어 환경을 위한 첫 걸음에 동참해주시길 바랍니다.

아울러, 앞으로 진행되는 스노우볼 프로그램에도 많은 관심 부탁드립니다.

3p
텀블러 할인 이벤트 - 제휴 업체
더베이크 | 300원 할인
로스터리 505ㅣ500원 할인
*기존 경영학부 할인과 중복 할인 불가
쉬즈베이글 | 300원 할인
*기존 숙대생 10%할인과 중복 적용 가능
앙꼬카페 | 500원 할인
*현금 혹은 계좌이체시 할인 적용
카페나리나무ㅣ500원 할인
*포장 시에만 혜택 적용, 중복할인 및 적립 불가
테오마커피 | 500원 할인
*아이스아메리카노만 적용 가능, 키오스크 가능

4p
무엇까지 넣어마시는 거예요? 챌린지 안내
지친 시험 기간, 숙명인들을 응원하고 텀블러 활용 문화를 함께 만들어가기 위한 ‘무엇까지 넣어마시는 거예요?' 챌린지가 진행됩니다.

일시 | 6월 2일(월) ~ 6월 6일(금)
참여 방법 | 에브리타임에 #무엇까지넣어마시는거예요 해시태그와 함께 텀블러를 활용하는 모습을 담은 글을 업로드 하기
참여 상품 | 좋아요를 가장 많이 받은 게시글의 작성자 3분에게 스토조 접이식 원형 도시락 1065ml를 증정

5p
*텀블러 세척기 사용 안내*
<텀블러 세척기 위치>
학생회관 1층 화장실 옆

<이용 방법>
1) 텀블러 속 내용물을 비운 후,
세척기 위에 텀블러 입구가 밑으로 향하게 올리기
2) 원터치 버튼 누르기
3) 텀블러 세척 완료

문의 | emergency57@sookmyung.ac.kr
공식 인스타 | @smwu_stdcouncil57
게시물 구성 및 제작 | 연대복지국장 임다경, 연대복지국원 장은정
게시물 담당자 | 연대복지국장 임다경",0
354,"[공과대학] 25-1 기말고사 간식 배부 완료 안내

1p. 
안녕하세요. 공과대학 학생회 '공진'입니다.
5/26(월) 오전 10시 00분 18초 자로 기말고사 간식(200세트) 신청이 마감되었습니다.
또한, 기말고사 간식 문자가 모두 전송되었습니다.
공과대학 학우분들의 기말고사를 응원합니다.
감사합니다.

문의 | smeng.gonggin@gmail.com
구성 및 제작 | 홍보디자인국장 김지민, 교육자치국장 정연재
게시물 담당자 | 교육자치국장 정연재",0
355,"[비대위] 2025 숙명 환경주간 <스노우볼; SNOWBALL>

1p
스노우볼;
SNOWBALL
2025 숙명 환경주간

일시 | 2025.06.02(월) ~ 2025.06.06(금)
장소 | 숙명여자대학교
프로그램 | 오프라인 부스 및 온·오프라인 이벤트

2p
안녕하세요. 제57대 총학생회 비상대책위원회 ‘선명’ 연대복지국입니다.

다가오는 6월 5일, 세계 환경의 날을 맞아 2025 숙명 환경주간을 개최합니다.

스노우볼은 작은 눈송이 하나하나가 모여 만들어집니다. 숙명인(눈송이)의 작은 환경 실천 하나하나가 모여 큰 변화(스노우볼)를 이끌어내기를 바라며 ‘스노우볼(SNOWBALL)’을 주제로 이번 환경주간을 준비하였습니다.

한 개인의 작은 환경적 실천은 작아 보일 수 있지만, 모일수록 더 큰 힘을 지니게 됩니다.

환경을 향한 숙명인 한 사람의 한 사람의 작은 움직임이 작은 눈송이로부터 커다란 스노우볼을 만들길 바랍니다.

3p
올해 세계 환경의 날 행사는 6월 5일 제주특별자치도에서 “플라스틱 오염 종식”을 주제로 개최됩니다.

플라스틱은 우리 일상 속에서 편리함을 제공해 주지만, 그 편리함 뒤에는 해양오염, 생태계 파괴, 그리고 건강 위협에 이르기까지 다양한 환경 문제가 숨어 있습니다.

이에 발맞추어 2025 숙명 환경주간은 “NO 플라스틱”을 목표로 삼고, SNOWBALL 속 NO를 강조하는 형태의 로고를 제작하였습니다.

버려진 유리, 양말목을 활용한 업사이클링 작품을 만드는 체험 오프라인 부스와 텀블러/다회용기 할인 혜택, 눈송이 굴리기 이벤트 등 차후 공개될 온·오프라인 프로그램에 많은 관심 부탁드립니다.

문의 창구 | emergency57@sookmyung.ac.kr
공식 인스타 | @smwu_stdcouncil57
구성 및 제작 | 연대복지국장 임다경, 연대복지국원 이은수
게시물 담당자 | 연대복지국장 임다경",0
356,"‼️D-1‼️[비대위] 농심 캠퍼스 어택 안내

안녕하세요, 전진숙명 제57대 총학생회 비상대책위원회 '선명'입니다.

명일(28일) 진행되는 농심 캠퍼스 어택 안내드립니다. 학우 여러분의 많은 관심과 참여를 부탁드립니다.

---

숙명여대와 함께하는 농심 특별 상점🪄
신비로운 특별 상점이 숙명여자대학교를 찾아갑니다!🧙‍♂

🔮 | 방문 대학은 사진 확인 필수!
*일시: 5월 28일(수) 오후 12:00부터(소진 시 운영 종료)
*장소: 순헌관 사거리

✨ | 입장 미션
농심과 관련된 퀴즈를 풀고
현장 인증 사진을 해시태그와 함께 SNS에 업로드 하면
농심 특별 상점을 즐길 준비 완료!
- 필수 해시태그 선공개 
#숙명여대농심특별상점, #2025농심캠퍼스팝업스토어, #농심OO주년, #OO을OOO
※ OO에는 정답을 넣어서 SNS에 업로드해 주세요!

🎮 | 신라면, 새우깡 게임 이벤트
오랜 시간 동안 모두의 입맛과 마음을 사로 잡아온 
‘인생을 울리는 신라면’과 ‘자꾸만 손이 가는 새우깡‘을 게임으로 즐겨보세요!
※ 게임을 클리어하면 특별 상점 코인 지급! 
코인을 받고, 원하는 특별 상품으로 교환해 가세요!

📸 | 현장 인증 추첨 이벤트
SNS에 현장 인증을 한 참여자 중, 게시물을 유지한 분들께는
추첨을 통해 신라면 툼바 1BOX를 선물로 드립니다.
- 기간: 6/20(금)까지
- 발표: 6월 말, 당첨자 개별 연락 예정(댓글 및 DM)
- 경품: 신라면 툼바 1BOX (20명)

⛔ 유의사항
　*당첨자는 기한 내 참여자 중 랜덤 추첨을 통해 선정됩니다.
　*인스타그램 외의 SNS 계정 또는 비공개 인스타그램 계정은 이벤트 응모가 불가합니다.
　*본 이벤트는 당사 사정에 따라 안내 후 중단 또는 변경될 수 있습니다.
　*본 이벤트는 중복 참여가 가능하나 중복으로 당첨될 시 1인 1경품만 지급됩니다.
　*이벤트 내용, 경품 내역 및 수량, 당첨자 발표일, 배송 일정은 당사 사정으로 안내 후 변동 또는 지연될 수 있습니다.
　*경품은 국내 배송만 가능하며, 부정확한 개인정보 입력에 의한 오배송은 재발송되지 않습니다.

#팝업스토어 #농심특별상점 #인생을맛있게 #농심 #nongshim

문의 | emergency57@sookmyung.ac.kr
공식 인스타 | @smwu_stdcouncil57
게시물 담당자 | 중앙집행국장 이유진",0
357,"[비대위] 25-1 기말고사 간식 배부 2일차 13시 타임 줄 마감 안내

안녕하세요.
전진숙명 제 57대 총학생회 비상대책위원회 '선명' 간식국입니다.

2일차 13시 타임 배부(250세트)를 위한 대기줄이 마감되었습니다.
이후 14:30~16:00 스타벅스 시그니처 밀크티 325ml 선착순 배부가 진행됩니다. (물품 소진 시 조기 종료될 수 있습니다.)

25-1 기말고사 간식 배부에 많은 관심 감사드리며, 숙명인들의 기말고사를 응원합니다.
감사합니다.

문의 창구 | emergency57@sookmyung.ac.kr
공식 인스타 | @smwu_stdcouncil57
구성 및 제작 | 재정사무국원 김채현
게시물 담당자 | 재정사무국장 엄서윤",0
358,"[비대위] 스타벅스 시그니처 밀크티 325ml 추가 배부 안내

안녕하세요.
전진숙명 제 57대 총학생회 비상대책위원회 '선명' 간식국입니다.
14시 30분부터 스타벅스 시그니처 밀크티 325ml 900개 추가 배부가 시작됩니다.
해당 행사는 간식 배부와는 별개의 행사로, 학생회비 미납부자 및 기말고사 간식 수령자도 추가 수령 가능합니다.

밀크티 추가 배부 번호표는 14시부터 배부 예정입니다.

위 사항 참고 부탁드리며, 협찬해주신 스타벅스RTD에 감사드립니다.

문의 창구 | emergency57@sookmyung.ac.kr
공식 인스타 | @smwu_stdcouncil57
구성 및 제작 | 재정사무국장 엄서윤
게시물 담당자 | 재정사무국장 엄서윤",0
359,"[비대위] 13시 타임 번호표 배부 안내

안녕하세요. 
전진숙명 제 57대 총학생회 비상대책위원회 '선명' 간식국입니다.

13시 타임 번호표는 12:30부터 줄 서신 분들에 한하여 배부 예정입니다. 

혼란 방지를 위한 조치이오니 양해 부탁드립니다.

문의 창구 | emergency57@sookmyung.ac.kr
공식 인스타 | @smwu_stdcouncil57
구성 및 제작 | 재정사무국장 엄서윤
게시물 담당자 | 재정사무국장 엄서윤",0
360,"[비대위] 25-1 기말고사 간식 배부 2일차 10시 타임 줄 마감 안내

안녕하세요.
전진숙명 제 57대 총학생회 비상대책위원회 '선명' 간식국입니다.

2일차 10시 타임 배부(250세트)를 위한 대기줄이 마감되었습니다.
잠시 후 13시 타임 배부(250세트)가 진행될 예정이오니 학우분들의 많은 관심 부탁드립니다.

숙명인들의 기말고사를 응원합니다.
감사합니다.

문의 창구 | emergency57@sookmyung.ac.kr
공식 인스타 | @smwu_stdcouncil57
구성 및 제작 | 재정사무국원 김채현
게시물 담당자 | 재정사무국장 엄서윤",0
361,"[비대위] 25-1 기말고사 간식 배부 1일차 13시 타임 줄 마감 안내

안녕하세요.
전진숙명 제 57대 총학생회 비상대책위원회 '선명' 간식국입니다.

1일차 13시 타임 배부(250세트)를 위한 대기줄이 마감되었습니다.
익일(5/27) 10시와 13시에 제2캠퍼스 눈꽃광장홀에서 간식 배부가 예정되어 있으니 학우분들의 많은 관심 부탁드립니다.

숙명인들의 기말고사를 응원합니다.
감사합니다.

문의 창구 | emergency57@sookmyung.ac.kr
공식 인스타 | @smwu_stdcouncil57
구성 및 제작 | 재정사무국원 김채현
게시물 담당자 | 재정사무국장 엄서윤",0
362,"[ 🍫2025년 1학기 기말고사 간식 배부 안내 🚀 ]

안녕하세요 숙명여자대학교 인공지능공학부 학생회 MAIN() 🚀입니다.



1학기 기말고사가 다가오고 있습니다.

이에 지치고 피곤하실 인공지능공학부 학우분들을 위해 한 끼를 해결할 수 있는 든든한 중간고사 간식을 준비했습니다 !



이번 기말고사 간식은 ""아리랑 노점 숙대점 5000원권""입니다. 

아리랑 노점 숙대점 5000원권이 학우 여러분의 바쁜 일상에 든든한 간식이 되길 바랍니다🌸

*비건/논비건 구분없이 섭취 가능한 항목이기 때문에 별도의 메뉴구분은 진행하지 않았습니다.



저희 MAIN()🚀은 항상 인공지능공학부 학우 여러분 모두를 응원합니다!

모두들 파이팅하세요 💞



🏷️ 신청 자격 : 인공지능공학부 8학기 이내 재학생 중 학생회비 납부자 (휴학생 제외)

🏷️ 신청 기간 : 2025년 5월 26일 (월) 12:00 ~ 5월 29일 (목) 20:00

🏷️ 신청 방법 : 구글폼을 통한 신청
( https://forms.gle/5ojYv2iWLB2HXHoZA )

* 신청 기간에만 활성되니, 반드시 기한 엄수 바랍니다!

🏷️ 배부 일정 : 2025년 6월 4일 (수) ~ 6월 5일 (목)

🏷️ 배부 방법 : 09:30~18:00 사이, 과방에서 구글폼 신청 내역 확인 후 현장에서 지류로 배부

🚨구글폼 신청자에 한해 현장 지류 배부가 가능합니다. (현장 신청 불가능)



❗️학적 정보의 모든 내용 (학적 기본사항, 내역, 학년도, 학기, 시작일, 학적상태) 을 가리지 않은 원본 이미지를 업로드해주세요.

[숙명포털 https://portal.sookmyung.ac.kr 접속 → 로그인 → 상단의 ☰ 클릭 → 학사 → 학적 → 학적정보 → 학적상태]  

* 학적 정보 확인을 위해 수집된 개인 정보는 간식 배부가 완료된 이후 폐기될 예정입니다.
* 학적 정보 확인 불가로 인한 간식 배부 불가는 학생회에서 책임지지 않습니다. 



💌문의 : 인공지능공학부 카카오톡 채널",0
363,"[비대위] 25-1 기말고사 간식 배부 1일차 10시 타임 줄 마감 안내

안녕하세요.
전진숙명 제57대 총학생회 비상대책위원회 '선명' 간식국입니다.

1일차 10시 타임 배부(250세트)를 위한 대기줄이 마감되었습니다.
잠시 후 13시 타임 배부(250세트)가 진행될 예정이오니 학우분들의 많은 관심 부탁드립니다.

숙명인들의 기말고사를 응원합니다.
감사합니다.

문의 창구 | emergency57@sookmyung.ac.kr
공식 인스타 | @smwu_stdcouncil57
구성 및 제작 | 재정사무국원 김채현
게시물 담당자 | 재정사무국장 엄서윤",0
364,"[공과대학] ‼️D-DAY️‼️ 25-1학기 기말고사 간식 신청 안내 (5/26~5/27)

1p. 
25-1학기 기말고사 간식 신청 안내 (D-DAY)

2p. 
안녕하세요. 숙명여자대학교 공과대학 학생회 ‘공진’입니다.
기말고사 준비로 바쁜 시기를 보내고 있을 공과대학 학우분들을 위해 ☕컴포즈커피 기프티콘 5000원권☕을 5/26(월) 10시부터 선착순으로 신청 폼 제출하신 분께 배부할 예정입니다.

3p. 
[신청 안내]
대상 | 제 1전공이 공과대학이며, 과 학생회비를 납부한 재학생 (신청 폼 제출 기준 선착순 200명)
신청 기간 | 5/26(월) 10:00 ~ 5/27(화) 23:59
신청 폼 | https://forms.gle/avhj6pnx1JHt1NCB7
배부 | 5/28(수) 중 기프티콘 순차 발송 예정

4p. 
[유의 사항]
✔️ 신청 폼에 기재하신 번호로 기프티콘이 전송되므로 정확히 기재 부탁드립니다.
✔️ 신청 폼 제출 기준 선착순 200명으로, 조기 마감될 수 있습니다.
✔️ 간식 배부는 '제 1전공이 공과대학이며, 과 학생회비를 납부한 재학생'을 대상으로 진행됩니다. 신청 폼 제출 기준 200명 안에 포함되더라도, 납부 내역 확인이 어려울 시 간식 수령이 불가합니다.
✔️ 5/26(월) 10:00 이전 제출된 답변은 인정되지 않으며, 간식 수령이 불가합니다.

5p.
기말고사 기간 동안 공과대학 학우분들께 작은 도움이 되길 바라며, 많은 관심과 참여 부탁드립니다.

문의 | smeng.gonggin@gmail.com
구성 및 제작 | 홍보디자인국장 김지민, 홍보디자인국원 안유영, 교육자치국원 김수빈
게시물 담당자 | 교육자치국장 정연재",0
365,"[비대위] 눈송우산 공동구매 실신청 안내

1p
D - 1
눈송우산 공동구매 실신청
(5.19.~5.25.)

2p
| 공동구매 실신청 안내 |

안녕하세요, 전진숙명 제57대 총학생회 비상대책위원회 '선명' 문화기획국입니다.

다가오는 장마철을 맞아 눈송우산 공동구매를 진행합니다.

숙명인 여러분들의 많은 관심과 참여 부탁드립니다.

3p
| 눈송우산 디자인 및 가격 |

<일자형 손잡이 우산>
색상 : 네이비
가격 : 6600원
*상품 이미지는 실물과 다를 수 있습니다.

4p
| 공동구매 안내 |

📍실신청 기간 : 5.19. (월) ~ 5.25. (일) 23:59
📍예상 수령 기간 : 6.2. (월) ~ 6.9. (월)
*위 일정은 변경될 수 있습니다.
📍신청 방법 :
1. '입금자명+전화번호 뒷자리 4글자'로 입금
*반드시 입금해야 신청이 완료됩니다.
2. 실신청 폼 작성
실신청 폼 링크 | https://forms.gle/XwrbktwhUqNxZkNt5
*숙명 메일(@sookmyung.ac.kr)로만 접근이 가능합니다.

문의 | emergency57@sookmyung.ac.kr
공식 인스타 | @smwu_stdcouncil57
게시물 구성 및 제작 | 문화기획국장 유지원, 문화기획국원 이시연
게시물 담당자 | 문화기획국장 유지원",0
366,"[공과대학] 공과대학 학술제 사전 이벤트 - 독후감 쓰기 대회 개최 공고

안녕하세요. 공과대학 학생회 '공진'입니다.
2025년 9월 11일, 공과대학 10주년을 맞아 공대인을 위한 학술제가 개최됩니다.
공과대학 학술제 프로그램인 도전 골든벨 대회의 사전 이벤트인 독후감 쓰기 대회가 열릴 예정입니다. 

독후감 쓰기 대회 일정
제출 기간 | 5/22(목) ~ 8/31(일) 23:59
심사 기간 | 9/1(월) ~ 9/5(금)
상품 수령 안내 기간 | 9/8(월) ~ 9/9(화)
상품 수령 일자 | 9/11(목)

참가 대상 및 구성
숙명여자대학교 공과대학 제1전공인 재/휴학생, 정규학기 이내

책 리스트
[1984]조지 오웰 - 민음사
[그림으로 보는 시간의 역사(결정판)] 스티븐 호킹 - 까치

제출방법
책 1권을 택하여 양식에 따라 독후감 작성 후 파일 첨부하여 제출
제목 : [공과대학 학술제 독후감](학번)(이름)
1인당 1편만 제출 가능, 양식에 따라 미 작성 시 독후감 쓰기 대회 접수 불가

상품 내역
우수상 | 5인에게 학교 주변 상권 2만 원 쿠폰 수여
참가상 | 우수상 제외 30인 추첨하여 학교 주변 상권 5천 원 쿠폰 수여
9/11(목) 학술제 메인 부스(운영 본부 및 상품 교환소)에서 드릴 예정

제출 및 문의
해당 메일을 통해 제출
메일 주소 : smeng.gonggin.edu@gmail.com

문의
공식 이메일 | smeng.gonggin@gmail.com
담당 | 공과대학 학생회 공진 교육자치국
제작 | 홍보디자인국 국장 김지민, 국원 안유영",0
367,"[음악대학] 🎡음악대학 축제 '해리포송과 마법의 음악대학' 포스터 공개🎉

안녕하세요, 음악대학 학생회 '이음' 입니다!
드디어 음악대학 축제가 오는 5월 29일에 돌아옵니다.

이번 축제 이름은 '해리포송과 마법의 음악대학'으로, 영화 '해리포터'를 모티브로 기획 되었습니다.

관현악과 • 성악과 • 작곡과 • 피아노과의 미션을 통과하고, 어울리는 과를 배정받아 입학 허가서를 받아보세요 😆

❗5월 29일 목요일 눈꽃광장에서 마법처럼 만나요❗

문의 | 음악대학 학생회 소통창구

* 음악대학 소속 학생이 아니어도 자유롭게 참여 가능합니다.",0
368,"[비대위] 우산 & 보조배터리 반납 안내

1p
우산 & 보조배터리 반납 안내

안녕하세요.
전진숙명 제57대 총학생회 비상대책위원회 '선명' 연대복지국입니다.

4월 29일(화)부터 재개된 우산 및 보조배터리 대여 사업에 많은 관심과 이용 감사드립니다.

다만, 현재 대여 물품 반납률이 저조하여 대여 사업 운영에 어려움이 발생하고 있습니다. 

대여 물품 장기 미반납 시 총학생회 주최 행사(간식 배부, 눈송 구역, 학생회비 키트 배부 등) 참여에 제한이 있을 수 있음을 알립니다.

학우 여러분의 적극적인 협조 부탁드립니다. 감사합니다.

문의 창구 | emergency57@sookmyung.ac.kr
공식 인스타 | @smwu_stdcouncil57
구성 및 제작 | 연대복지국장 임다경
게시물 담당자 | 연대복지국장 임다경",0
369,"[공과대학] 공과대학 10주년 기념 프로그램명 맞히기 이벤트 추가 공지

안녕하세요. 2025 숙명여자대학교 공과대학 학생회 ‘공진’입니다.

지난 월요일 공지드린 <기획안을 찾아라!> 이벤트와 관련하여, 힌트 포스터 일부가 조기 철거된 사실이 확인되었습니다. 이에 따라 해당 힌트를 카드뉴스 형식으로 공유드리오니 참고 부탁드립니다.

포스터 속 힌트를 바탕으로 행사명을 유추하신 후,
금일 15시부터 17시까지 명신관 213호에 방문하셔서 스태프에게 정답을 말씀해주시면 이벤트에 참여하실 수 있습니다.

한편, 철거 전 실물 포스터를 사진으로 촬영하신 분들께는 별도로 추가 간식을 배부드릴 예정입니다.

많은 관심과 참여 부탁드립니다. 감사합니다.

문의 | smeng.gonggin@gmail.com 
공식 인스타 | @sookmyung_engineering 
게시물 구성 및 담당 | 학생회장 김희원, 부학생회장 황소연",0
370,"🦷 POV : MT에 아무거나 들고오기 👀 | #아무거나가져오기 #MT #학생회 

🚀 인공지능공학부 공식 유튜브 영상 업로드 알림 🔔

안녕하세요, 인공지능공학부 학생회 MAIN() 미디어기획부입니다 ❣

🦷 POV : MT에 아무거나 들고오기 👀 | 영상이 업로드되었습니다! 🔥

진짜 아무거나 들고 온 영상을 바로 클릭해보세요 ✨

🔗 영상 링크: https://youtube.com/shorts/mw7TOyXeAkk?feature=share

📹 영상 촬영: MAIN() 23학번 학생회
🎬 영상 편집: 미디어기획부 박영서",0
371,"[공과대학] 김상욱 교수님 강연 증원 관련 긴급 공지

안녕하세요. 공과대학 학생회 '공진'입니다.

금일 14시부터 추가 신청이 시작된 김상욱교수님 초청 강연 관련 공지드립니다.  기존 공지된 강연 신청 가능 인원인 260명에서 300명으로 추가 증원을 진행하였습니다. 앞서 공지된 일정 확인 후 참석을 희망하시는 학우께서는 비교과통합시스템으로 신청해주시기 바랍니다. 감사합니다.

문의 | https://open.kakao.com/o/sMUgTGjh
게시물 담당자 | 학생회장 김희원",0
372,"[ 2025년 대학원 BK21 연구실 설명회💻 ]

안녕하세요. 인공지능공학부 학생회 MAIN() 🚀입니다. 

대학원 BK21 연구실 설명회가 5월 15일 오전 10시부터 11시까지 진행됩니다.

명신관 5층 학과사무실 앞 복도에서 각 연구실 포스터가 게시되며, 오전 10시부터 약 1시간 정도 담당 교수님 혹은 학생께 직접 질의를 할 수 있는 행사입니다.

신청 없이 시간에 맞추어 행사 장소에 도착하시면 참여가 가능하시니 많은 관심 부탁드립니다.

✔ 일시 : 5월 15일 (목) 10:00 ~ 11:00
✔ 행사 장소 : 명신관 5층 인공지능공학부 학과사무실 앞 복도
➡ 각 연구실 포스터는 5월 16일 (금)까지 게시됩니다.


💌 문의 : 인공지능공학부 플러스 채널",0
373,"[비대위] ❗️D - Day❗️2025 청파제 기획 위원회 기획 위원 모집 안내

1p
❗️D - Day❗️2025 청파제 기획 위원 모집 공고
~ 5/4 17시 

2p
안녕하세요.
전진숙명 제57대 총학생회 비상대책위원회 '선명' 문화기획국입니다.

다가오는 9월, 숙명인들의 가을에 활력을 더할 '2025 청파제'가 열립니다.
설렘을 가득 안고 문화기획국과 함께 '2025 청파제'를 직접 만들어 나갈 기획 위원을 모집합니다.

다채로운 아이디어와 열정이 가득한 숙명인이라면 자유롭게 지원 가능하니, 많은 관심과 지원 부탁드립니다.

3p
| 모집 분야 |

✨프로그램 기획팀
- 다양한 부스 활동과 이벤트 기획
- 굿즈 판매, 학생 부스 관리

✨공연 기획팀
- 교내 리더십 그룹 및 중앙동아리 공연 기획
- 아티스트 공연 기획

✨디자인팀
- 2025 청파제 굿즈 디자인 및 제작
- 디자인 작업 총괄

✨대외협력팀
- 2025 청파제 관련 제휴 업무
- 컨택 업무 총괄

4p
| 모집 안내 |

📍모집 기간
- 4월 21일 (월) ~ 5월 4일 (일) 17시까지 

📍모집 대상
- 학번, 재/휴학 여부와 상관없이 모든 숙명인

📍활동 기간
- 2025년 5월 ~ 9월

📍지원 조건
- 매주 금요일 16시 오프라인 회의 참석이 가능한 숙명인

📍활동 혜택
- 교내 봉사활동 확인서 발급

📍지원 방법
- 지원서 작성 후 지원서 내 기재된 메일로 제출
- 지원서 다운로드 링크 | https://drive.google.com/file/d/1pCrfdY_7p2qFu3IQpCgIfkFwWP6dGYOp/view?usp=sharing

* 숙명 메일(@sookmyung.ac.kr)로만 접근이 가능합니다. 


문의 | emergency57@sookmyung.ac.kr
공식 인스타 | @smwu_stdcouncil57
게시물 구성 및 제작 | 문화기획국장 유지원, 문화기획국원 이시연
게시물 담당자 | 문화기획국장 유지원",0
374,"❤️‍🔥 [Build with AI: Googlers’ Insight Session] 참가자 모집 ❤️‍🔥

안녕하세요, GDG on Campus 숙명여자대학교입니다.

다가오는 Build wiht AI: Googlers’ Insight Session은 구글 기술과 개발자 커리어에 관심 있는 숙명여자대학교 재학생과 GDGoC 멤버들을 위해 준비된 특별한 행사입니다. 
이번 세션에서는 구글 현직자들의 생생한 경험을 들을 수 있을 뿐만 아니라, Google Gemini 2.0 기반의 실습을 통해 최신 기술을 직접 체험할 수 있는 기회를 제공합니다. 
현업 개발자와의 소통, 실무 중심 학습, 참가자들과의 네트워킹을 한 자리에서 경험할 수 있는 이번 행사에 여러분을 초대합니다!

📍 행사 정보
* 일시: 2025년 5월 14일 (수) 19:00 - 21:00
* 장소: 르네상스 플라자 403호, 404호
* 참가비:
    * GDG on Campus 숙명여자대학교 멤버: 무료
    * 그 외 참가자: 1,906원 (노쇼 방지용)
* 대상: 개발에 관심 있는 모든 숙명여자대학교 재학생
* 신청 링크: https://docs.google.com/forms/d/e/1FAIpQLSeEuxPx9d4eF4Zh_HSHwNHj-SQ8XbrDwsflsiX-SlGN3BuHWA/viewform

📍 프로그램 구성
* 초청 연사 세션 : 구글 재직자들의 커리어 이야기 & Q&A
* Gemini 2.0 핸즈온 실습 : 구글의 최신 기술을 연사님과 함께 직접 실습 🎁 핸즈온 실습 참가자에게 구글 스웨그(수건) 증정
* 네트워킹 : 구글 스웨그 제공 및 연사님과의 커피챗

📍 연사 소개
* 허은지 님 – Google, Software Engineer
* 윤나영 님 – Google, Software Engineer
* 정명훈 님 – Google Cloud, Partner Engineer

💬 GDG on Campus 멤버가 아니어도 참여 가능하며, 선착순 마감이니 망설이지 말고 지금 바로 신청하세요!",0
375,"[비대위] 4/26 레즈비언 가시화의 날 콘텐츠 공유 이벤트: 송이들의 추천 콘텐츠

1p
4/26
레즈비언
가시화의 날
콘텐츠 공유 이벤트: 송이들의 추천 콘텐츠

2p
안녕하세요. 전진숙명 제57대 총학생회 비상대책위원회 '선명' 연대복지국입니다. 4월 26일부터 29일까지 진행된 레즈비언 가시화의 날 콘텐츠 공유 이벤트가 마무리되었습니다.

가시화의 의미를 다시 되돌아보며, 송이 여러분께서 공유해 주신 소중한 콘텐츠들을 여러분들에게 다시 한번 공유하고자 합니다.

3p
영화ㅣ타오르는 여인의 초상
연출ㅣ셀린 시아마
통제되고 억압받는 여성들의 연대란 어떤 것인가. 그리고 연대가 사랑으로 발전하기까지. 끝이 보이는 사랑일지라도 영원히 불타오르는 두 사람만의 기억에 관한 이야기.

영화ㅣ캐롤
연출ㅣ토드 혜인
""우연이란 건 세상에 없어요. 모든 건 제자리로 돌아오기 마련이에요. 언젠간 내 마음을 이해하게 될 거예요. 그날이 오면 그곳에서 당신을 반겨줄게요. 영원한 일출처럼 우리 앞에 펼쳐진 삶을""

4p
도서ㅣ마음에 없는 소리
작가ㅣ김지연
사랑하는 사이인 두 사람이 함께한 여행에서의 만남과 헤어짐의 이야기 그리고 생과 사, 이성애와 동성애, 유머와 혐오의 양면. ""우리가 불행을 극복하는 방법은 태연해지는 것이다.""

눈송이의 강력 추천 !
웹툰ㅣ안녕은하세요
작가ㅣ검둥
한국에서 여성으로, 레즈비언으로 살아가며 안녕하지 못한 나날을 견디면서도 사랑의 순간을 놓지 않는 인물들이 보여주는 다양한 형태의 사랑 이야기.

5p
바쁜 시험기간임에도 불구하고 이벤트에 참여해 주신 모든 학우분들에게 감사의 말씀을 전합니다.
당첨되신 5명의 학우들분들에게는 4/30(수) 선물코드가 포함된 문자가 전송되었습니다.

다시 한번 레즈비언 가시화의 날을 축하하며 차별과 편견에 맞서 살아가는 모든 레즈비언에게 지지와 연대를 보냅니다.

문의 | emergency57@sookmyung.ac.kr
공식 인스타 | @smwu_stdcouncil57
구성 및 제작 | 연대복지국장 임다경, 연대복지국원 장은정
게시물 담당자 | 연대복지국장 임다경",0
376,"🖥 제 5회 IPS
- 5/1  (목) | 제5회 IPS 대회 멘토링데이
- 5/30  (금) | 본선 심사 및 시상식

🚌 2025 인공지능공학부 총 MT
- 5/1 (수) | 참가 확정 명단 발표
- 5/1 (목) ~ 5/6(화) | 총MT 추가 신청 
- 5/9 (금) ~ 5/10 (토) | 2025 인공지능공학부 총 MT

🎨 기타
- 5/1 (목) | 💰 4월 과학생회비 장부 공개
- 5/1 (수) ~  5/8 (수) | 🧹5월 과방 청소
- 5/19(월) ~ 5/20(화) | ⭐전공 박람회 
- 5/20 (화) | 🌹 성년의 날 선물 배부
- 5/26 (월) ~ 5/29 (목) | 🍬 25-1 기말고사 간식 신청 기간

🏫 학사 일정
- 5/9 (금) ~ 5/15 (목) | 여름 계절학기 본수강신청
- 5/22 (목) | 제119주년 창학기념일

**상황에 따라 일정이 변경될 수 있습니다.

💌 문의 : 인공지능공학부 카카오톡 채널",0
377,"🚀 2025년 4월 학생회비 장부 공개 안내💰

안녕하세요.
인공지능공학부 제3대 학생회 MAIN() 의 재정사무부입니다.

2025년 4월 한 달 동안의 학생회비 사용 내역 장부를 공개합니다.

학부 재정과 학우분들의 개인 정보가 적혀있는 파일인 만큼 압축파일에 암호를 설정해 두었습니다. 암호나 내용이 외부에 유출되지 않도록 각별히 유의해 주시기 바랍니다.

암호:852963

감사합니다.

💌문의: 인공지능공학부 학생회 플러스 채널",0
378,"[공과대학] 비교과프로그램 개설 안내

안녕하세요. 2025 숙명여자대학교 공과대학 학생회 '공진'입니다. 공과대학 학생들을 우선으로 한 비교과 프로그램 개설에 대해 안내드립니다.  본 프로그램은 익일부터 비교과시스템에서 신청이 가능하오니 공과대학 학생 여러분들의 많은 관심과 참여 바랍니다. 감사합니다.

<실리콘밸리의 AI와 IT혁신 - 기업은 어떤 인재를 원할까>

일시 : 2025.05.27(화) 15:00-17:00
참여 대상 : 공과대학 재학생 우선
신청 방법 : WISE 비교과통합관리시스템 신청
신청 링크 : https://wise.sookmyung.ac.kr/ko/program/all/view/5619
장소 : 미래창조관 202호",0
379,"[ 2025년 제 5회 IPS 본선진출팀 발표 ]

안녕하세요, IPS 진행위원회입니다. 
2025 제5회 IPS 본선 진출 팀을 다음과 같이 발표합니다.

본선 진출 팀은 총 8팀입니다. 축하드립니다! 🎉

Alab
오늘의 먹방은
Cat발자들
와이파이브
강아지똥
짱신남
""낭만에 대하여""
패트와 매트

정렬 순서는 심사 순위와 무관합니다.

추후 개별 연락을 통해서 구체적인 대회 진행 일정 및 내용에 대해서 안내 예정입니다. 

감사합니다.

💌 문의 : 인공지능공학부 학생회 플러스 채널",0
380,"💜 ✈ 5월 황금연휴에 밝은눈으로 즐기기 
💜 위치 : 서울 잠실 롯데타워 .부산 서면 부암빌딩
💜 대상 : 숙명여자대학교 공과대학 학생 및 가족 
💜 제휴 혜택 및 문의 신청 :  https://bgn.imweb.me/
(✔모든 이벤트, 플랫폼 보다 최대 할인 보장)
☎ 밝은눈안과 제휴 담당자 : 010-4124-5770 / 1600-5770 / (카톡) bgn629
1. 제휴 특별우대가적용(제휴 기간 : ~12/31)
 ⓐBGN라섹 [아마리스 레드 1050 + 각막혼탁 방지 MMC]
 ⓑ정품 자이스스마일 ⇒ 국내 최저가(담당자 문의)

2. 수술종류 : 자이스스마일,자이스스마일 pro ,라섹, 라식, 렌즈삽입술
ⓐ  A.I 정밀검사비 지원(비급여한해) ⓑ  DNA 유전자검사 지원(수술자한해)
✔ 담당자 또는 링크신청 통해 말씀주셔야 모든 제휴 혜택이 적용됩니다.",0
381,"[비대위] 에브리타임 커피차 이벤트 안내
 
안녕하세요, 전진숙명 제57대 총학생회 비상대책위원회입니다. 
 
에브리타임에서는 학교 생활간 꿀팁을 서로 공유하여 보다 더 편리하고 즐거운 대학교 생활을 지원하기 위해 커피차 발송 이벤트를 진행한 바 있습니다.
 
학우 여러분들의 적극적인 참여에 힘입어 이벤트에 최종 당첨되었습니다.
 
이에 4월 18일 (금) 11시부터 순헌사거리에서 커피차 이벤트를 진행할 예정입니다.
(*내부 사정상 시작 시간이 변경될 수 있습니다.)
 
학우 여러분의 적극적인 참여에 감사드리며, 숙명인 여러분의 중간고사를 응원합니다.
 
문의 | emergency57@sookmyung.ac.kr 
공식 인스타 | @smwu_stdcouncil57 
게시물 구성 및 제작 | 중앙집행국장 이유진
게시물 담당자 | 중앙집행국장 이유진",0
382,"[2025년 인공지능공학부 총 MT 공지 🚌🌳]

안녕하세요 인공지능공학부 학생회 MAIN ( )🚀 입니다.
작년에 이어 올해 2025학년도에도 총 MT를 진행합니다!
여러분의 관심과 참여로 즐거운 시간과 소중한 추억을 만들 수 있는 기회가 되길 바랍니다.
신청을 희망하는 분은 아래의 공지사항을 꼼꼼히 숙지하시어 신청 부탁 드립니다.

🚨2025 인공지능공학부 총 MT는 안전을 위해 개별 귀가(첫 차 귀가)를 허용하지 않습니다.🚨
대절 버스를 통해 귀가가 불가능하신 분은 신청하실 수 없습니다.
   
신청 후 취소는 불가능합니다. 따라서 확실하게 참석 가능하신 분만 신청 부탁 드립니다.
(신청 기간이 지난 이후 임의로 불참 / 취소하신 분에 대해서는 2025년 1학기 종강총회 참여 불가 패널티를 부여할 예정이오니 참고해주세요.) 


🚌 신청 기간 : 4월 17일 (목) 12:00 ~ 선착순 70명 마감 시까지
(신청 시간 전에 폼은 열리지만, 해당 기간 이후 제출된 폼만 인정하니 반드시 숙지 바랍니다)
* 기한 내 ""폼 작성과 참가비 입금"" 모두 완료해야 신청이 확정됩니다.
* 신청 취소는 신청 기간에만 가능합니다.
🚌 신청 방법 : 구글폼 제출
https://forms.gle/ETcPeF4nsfu4LTBJ6

🚌 장소 : 광교포레유스호스텔 (경기 용인시 수지구 동천로 591-9)
🚌 대상 : 인공지능공학부/IT공학전공 8학기 이내 재/휴학생
🚌 일정 : 5월 9일 (금) ~ 10일 (토) , 1박 2일
❗️선발대 : 5월 9일 12:00까지 명신관 505호
❗️후발대 : 5월 9일 18:00까지 광교포레유스호스텔 로 개별 도착(도착 시간에 따라 식사가 제공되지 않을 수 있습니다)


🚌 과학생회비를 납부한 재학생 : 무료
🚌 과학생회비를 납부하지 않은 재학생 : 15,000 원
🚌 휴학생 : 30,000 원


⭐ 중요⭐
* 재/휴학 여부는 2025-1학기 기준입니다.
* 과 학생회비 납부 여부 대조 예정입니다.
* 신청기간 외에 제출된 폼은 일괄 삭제처리 합니다.


[입금 정보]
🚌 기한 : 4월 22일 (화) 20:00 까지
🚌 계좌 번호 : 카카오뱅크 79421308866 박지수  
🚌 입금자명 : 이름 + 본인 전화번호 뒤 4자리 (예: 김눈송1234)
* 기한 내 미입금 시, 신청폼을 작성하였더라도 참여 불가능합니다.

⭐ 참가 확정 명단은 5월 1일 12:00 에 각 학번 단톡방에 업로드 될 예정입니다 ⭐

💌 문의 : 인공지능공학부 카카오톡 채널",0
383,"[비대위] 크리스피크림도넛 캠퍼스 어택 안내
 
안녕하세요, 전진숙명 제57대 총학생회 비상대책위원회입니다.

4월 15일 (화) 14시 30분부터 순헌사거리에 진행되는 크리스피크림도넛 캠퍼스 어택 관련 안내드립니다.

학우분들의 많은 관심과 참여 부탁드립니다.

----

#EVENT #오글대선

오리지널 글레이즈드 대표 선거 푸드트럭 이벤트 크게 시-작, 크게 빵빠레 불면서 시-작, 대학생 도넛 지지자를 위한 이벤트 시-작!
다양한 방법으로 투표 인증을 해 준 오글이들에게 특별한 선물 뿌림!!

🍩오프라인 혜택🍩
☝️오리지널 글레이즈드 대표 선거 투표 참여 인증하면 현장에서 오리지널 글레이즈드 1개 바로 증정! (투표 완료 후 해당 이미지 현장 STAFF 보여주기)

✌투표 인증샷을 오리지널 글레이즈드 대표 선거 GIF 스티커와 함께 스토리 업로드 후 보여주면 큐티뽀짝 오리지널 글레이즈드 NFC 키링 증정! (학교 별 선착순 150개 한정)
(업로드 후 해당 이미지 현장 STAFF 보여주기)

[스티커 사용 방법]
인스타그램 스토리 -> GIF 스티커 클릭 -> #오글대선 검색 후 사용!
 
*캠퍼스 어택 관련 자세한 내용은 크리스피크림 도넛 인스타그램 계정(@krispykremekr) 참고
 
문의 | emergency57@sookmyung.ac.kr 
공식 인스타 | @smwu_stdcouncil57 
게시물 담당자 | 중앙집행국장 이유진",0
384,"[공과대학] 25-1 중간고사 간식 배부 완료 안내   
안녕하세요, 공과대학 학생회 '공진' 입니다.

4/8(월) 오전 10시 10분 23초 자로 중간고사 간식(300세트) 신청이 마감되었습니다. 또한, 중간고사 간식 문자가 모두 전송되었습니다. 

공과대학 학우분들의 중간고사를 응원합니다. 
감사합니다. 

공과대학 학생회 '공진'
문의 | smeng.gonggin@gmail.com
게시물 구성 및 제작 | 부학생회장 황소연
게시물 담당자 | 부학생회장 황소연",0
385,"[공과대학] 비교과프로그램 개설 안내

안녕하세요. 2025 숙명여자대학교 공과대학 학생회 '공진'입니다. 공과대학 학생들을 우선으로 한 비교과 프로그램 개설에 대해 안내드립니다. 공과대학 학생 여러분들의 많은 관심과 참여 바랍니다. 감사합니다.

<공대생도 꼭 알아야 할 투자이론과 핀테크 활용 모델>

일시 : 2025.5.9~5.30 / 매주 금요일 14~17시
참여 대상 : 공과대학 재학생 우선, 모든 학생 가능
신청 방법 : WISE 비교과통합관리시스템 신청
신청 링크 : https://wise.sookmyung.ac.kr/ko/program/all/view/5577
장소 : 프라임관 202호

문의 | 첨단공학부 사무실 (02-2077-7855)
게시물 담당자 | 학생회장 김희원",0
386,"🚀 2025년 1월-3월 학생회비 장부 공개 안내💰

안녕하세요.
인공지능공학부 제3대 학생회, MAIN() 의 재정사무부입니다.

2024년 12월 장부 공개 및 학생회비 이관 이후 2025년 1월부터 3월까지의 학생회비 사용 내역 장부를 공개합니다.

학부 재정과 학우분들의 개인 정보가 적혀있는 파일인 만큼 압축파일에 암호를 설정해 두었습니다. 암호나 내용이 외부에 유출되지 않도록 각별히 유의해주시기 바랍니다.

암호:489053

감사합니다.

💌문의: 인공지능공학부 학생회 플러스 친구",0
387,"🚀 인공지능공학부 공식 유튜브 영상 업로드 알림 🔔

안녕하세요, 인공지능공학부 학생회 main() 미디어기획부입니다 ❣

 백엔드보다 프론트엔드 개발자 지망생이 더 많은 이유...🥲 | 영상이 업로드되었습니다! 🔥

이유가 궁금 ⁉ 하시다면 영상을 바로 클릭해보세요 ✨

🔗 영상 링크: https://youtube.com/shorts/2YJjHZLAitk?si=FFG6ZD8Ns43J7-2M 

📹 영상 촬영: 미디어기획부 
🎬 영상 편집: 미디어기획부 윤인영",0
388,"비대위] 25-1 중간고사 간식배부 2일차 13시 타임 줄 마감 안내
 
안녕하세요, 제57대 총학생회 비상대책위원회 간식국입니다.
 
2일차 13시 타임 배부 (250세트)를 위한 대기줄이 마감되었습니다.
 
25-1 중간고사 간식 배부에 많은 관심 주셔서 감사드리며, 숙명 학우분들의 중간고사를 응원합니다.
 
감사합니다. 
 
문의 | emergency57@sookmyung.ac.kr
공식 인스타 | @smwu_stdcouncil57
게시물 구성 및 제작 | 재정사무국장 이유진
게시물 담당자 | 재정사무국장 이유진",0
389,"[비대위] 25-1 중간고사 간식배부 2일차 13시 타임 줄 마감 안내
 
안녕하세요, 제57대 총학생회 비상대책위원회 간식국입니다.
 
2일차 13시 타임 배부 (250세트)를 위한 대기줄이 마감되었습니다.
 
25-1 중간고사 간식 배부에 많은 관심 주셔서 감사드리며, 숙명 학우분들의 중간고사를 응원합니다.
 
감사합니다. 
 
문의 | emergency57@sookmyung.ac.kr
공식 인스타 | @smwu_stdcouncil57
게시물 구성 및 제작 | 재정사무국장 이유진
게시물 담당자 | 재정사무국장 이유진",0
390,"[비대위] 25-1 중간고사 간식배부 2일차 10시 타임 줄 마감 안내
 
안녕하세요, 제57대 총학생회 비상대책위원회 간식국입니다.
 
2일차 10시 타임 배부 (250세트)를 위한 대기줄이 마감되었습니다.
잠시 후 13시 타임 배부 (250세트)가 진행될 예정이오니 학우분들의 많은 관심 부탁드립니다.
 
숙명 학우분들의 중간고사를 응원합니다.
감사합니다. 
 
문의 | emergency57@sookmyung.ac.kr
공식 인스타 | @smwu_stdcouncil57
게시물 구성 및 제작 | 재정사무국장 이유진
게시물 담당자 | 재정사무국장 이유진",0
391,"[Web발신] 매주 수익률이 최대 33.59%에 달하는 우량주를 준비했어요. 
세계 최고급 금융 전문가 팀이 함께하고 있어요.
채팅방에 참여하시면 즉시 5,000원을 드리고요,
500만 원과 더 많은 경품을 받을 수 있는 기회도 준비되어 있어요!
명함 링크를 클릭하고 ""131""을 보내서 채팅방에 입장해 보세요!",1
392,"[Web발신] 좋은하루되세요! 회원님의 소중한 재산보호를 위해 안내드립니다.
저희 bye**에 장기간 미접속 및 휴면 계정에 잔여이더리움이 출금정지 확정되었습니다.
현재 보유하고 있는 잔여코인 보유자산 이더리움 54.9개.
7월 19일까지 출금처리가 되지 않을 시 전체 소각 및 출금정지!
빠른 시일 이내에 출금 처리 바랍니다. 2024.07.18일 잔여: 54.9",1
393,"[Web발신] 기회를 놓치지 마세요, 시간이 다시 오지 않습니다!
다음 급등주를 잡고 싶으신가요? 우리 주식 채팅방에 빨리 가입하세요!
전문가 팀이 실시간으로 시장 동향과 종목 선택 기술을 공유하여 투자에 큰 도움을 드립니다!
한정된 시간 동안 활동 보상: 쇼핑 쿠폰, 현금, 전자 제품 등, 선착순으로 제공됩니다!",1
394,"[Web발신] 또다른 대출을 원한다면 확실한 방법이자 이건 당신에게 기회를 상담해드립니다.
http://k2m.kr/UjcjU",1
395,"[Web발신] 저희는 경험 많은 투자 멘토 강력한 팀과 함께 미국 주식과 한국 주식을 집중 분석합니다.
지금 바로 텔레그램 링크 https://t.me/dgsdsd1 통해 입장하세요.",1
396,"[Web발신] 안녕하세요. 예전 얘기입니다. 길고 긴 딴길 끝에 한국에 왔습니다.
시간이 된다면 공항에서 초대형 개인 만나고 척수액 확인 한잔 할래?
LINE: ***",1
397,"[국제발신]
♡저희 결혼합니다♡
10.10(일요일) 오시기 힘드시겠지만 마음으로 축하해주세요
vola/9H4**",1
398,"[국제발신]
http://im/Ra**
아는 사람들만 접속해서 부를 추적할 수 있었던 이유는 따로 있습니다.",1
399,"[국제발신]
파산 위기에 놓인 라회씨 단돈 '11만원'으로 재기에 성공하다
http://bit.ly/HRHPLAN1**",1
400,"[국제발신]
당첨을 축하드립니다.
*무료지원 *하한가 복구
*전문가 배정
T2m.kr/fEP**",1
401,"[국제발신]
투자자문사랑 장난 아니야
아직도 숨고 계신가요? 바쁘시겠지만 잠시 종목정보 >> 수정
지금 자리에서 받아세요
나눔**.kr",1
402,"[국제발신]
♡콜 20만~10분
안전 검증
5 + 2 = 10 + 4
Feee892**.kr",1
403,"[국제발신]
불-나면 코드까-A-3호
코드 533 2A로 오는 길
Reurl.kr/3EAB20**",1
404,"[국제발신] 승인완료 ❤️❤️ 단기간 무통보, 무서류, 즉시 입금. 신용, 등급 상관없이
빠른 도와드립니다",1
405,"[국제발신] 승인완료 ????@~3@@+? 단위코드: 1조건성
답장: dm***",1
406,"[국외발신]
이XX님
지급 안하면 본인 사채사서 상환처리 합니다.
벌금자, 강제청산 각오하라 전달 끝.
인소 7y***",1
407,"[국외발신]
박XX(00년생) 10분내로 대표번호로 연락바랍니다.
해당 계정 정보 및 개인정보 다 넘겨받아서
더 이상 못 미룹니다.
오늘 갑니다.
혼자 알아야 끝나지",1
408,"매주 수익률이 최대 33.59%에 달하는 우량주를 준비했어요.
세계 최고급 금융 전문가 팀이 함께하고 있어요.
매일 밤 전 세계 최신 정보를 분석해 드려요.
채팅방에 참여하시면 즉시 5000원을 드리고요
500만 원과 더 많은 경품도 받을 수 있는 기회도 있어요!
명함 링크를 클릭하고 “131”을 보내서 채팅방에 입장해 보세요!
https://band.us/*****",1
409,"[Web발신]
기회를 놓치지 마세요, 시간이 다시 오지 않습니다!
다음 급등주를 잡고 싶으신가요?
우리 주식 채팅방에 빨리 가입하세요!
전문가 팀이 실시간으로 시장 동향과 종목 선택 기술을 공유하여
투자에 큰 도움을 드립니다!
한정된 시간 동안 활동 보상:
쇼핑 쿠폰, 현금, 전자 제품 등, 선착순으로 제공됩니다!
https://t.me/*****",1
410,"[Web발신]
링크 클릭하시면 즉시 단타 강의 자료 드릴게요
https://band.us/n/aea****",1
411,"[Web발신]
더 이상 주저하지 말고 행동으로 성공의 첫걸음을 시작하세요!
https://band.us/n/a5a****",1
412,"[Web발신]
성공적인 전략, 올바른 투자!
맞춤 상담 ➤ https://buly.kr/CE*****",1
413,"[Web발신]
기회를 놓치지 마세요, 시간은 다시 오지 않습니다!
다음 급등주를 잡고 싶으신가요? 우리 주식 채팅방에 빨리 가입하세요!
전문가 팀이 실시간으로 시장 동향과 종목 선택 기술을 공유하여 투자에 큰 도움을 드립니다!
한정된 시간 동안 활동 보상:
쇼핑 쿠폰, 현금, 전자 제품 등, 선착순으로 제공됩니다!
텔레그램 공개방 → https://t.me/*****",1
414,"[Web발신]
좋은 하루 되세요!
회원님의 소중한 재산보호를 위해 안내드립니다.
저희 bye***에 장기간 미접속 및 휴면 계정에 잔여이더리움이 출금정지 확정되었습니다.
현재 보유 중인 잔여코인 이더리움 54.9개
7월 19일까지 출금처리가 되지 않을 시 전체 소각 및 출금정지!
빠른 시일 내에 출금 처리 바랍니다.
2024.07.18 잔여: 54.9",1
415,"[Web발신] (광고)
안녕하세요 대표님 주식담당입니다. 저희 실적입니다.
11월 129%, 12월 147%, 1월 121%로 진행 중!
현재 원장하셔서 많은 참여 부탁드립니다!
혼자서 관망만 하셔도 됩니다. 그만큼 자신 있습니다.
https://***.la/j8cT7
입장코드: 1080
무료전화: 0808870505",1
416,"[Web발신] (광고)
내일부터 시작하시는 분만 주목
***.gi/PFNeL
무료전화: 0801560039",1
417,"[Web발신] (광고)
미래 준비를 위한 투자 혜택존
▼▼ http://***.im/3bir
무료거부: 0805406547",1
418,"[Web발신] (광고)
임선생님, Band에 초대합니다.
https://***.im/3KvM
무료거부: 0801560039",1
419,"[국제발신]
대한민국 안심모바일 + 추억의 바보야 이야기 무료
***.kr << 들어가서 무료 50,000원 받아가세요~",1
420,"[국제발신]
나이, 직업, 무관!
부업으로 매일 30만원씩 버는 방법
*****.kr/HSQkd12",1
421,"[국제발신]
(편의점) 687,980원 결제 완료
본인 아님시 상담센터: 050-5132-XXXX",1
422,"[국제발신]
(국민카드) *** 9875 카드 발급 완료
본인 아님시 신고바랍니다.
상담센터: 1660-0XXX",1
423,"[국제발신]
고객님의 택배사 물품 보관
이력 확인 바랍니다.
bit.ly/위장주소",1
424,"[알림] 형사소송으로 인한 법원 해석서 발부되었습니다.
내용확인: http://coay.***",1
425,"[교통법령 제25호]
도로교통법 제12조 위반
내용 확인: http://nix.buzz",1
426,"[아빠 나야 영미야]
나 지금 휴대폰 액정 깨져서
이 번호로 연락해줘",1
427,"[Web발신]
단기 운용 가능한 정보를 무료로 공유, 매일 기대 수익 확인!
https://band.us/n/a9ac01Waoedcj",1
428,"[Web발신]
[name]님! 당첨되셨습니다. 정회원방 링크 보내드려요
https://open-kakao.support/sLca",1
429,"[Web발신]
내일만 단독혜택! 2일간 20% 추가오픈
http://qr.kakao.com/talk/PSXi4NCzXSEwHZwomacyClXW2vc",1
430,"[Web발신]
바쁘신가요? 새롭게 맞이한 ""동행복권"" 체험단을 모집중!
설문조사 상품 참여 ➤ bitly.cx/dooFL",1
431,"[Web발신]
가입 즉 2분완료
5 + 3 = 30 + 9 / 인증번호: MYS4578
텔레연락: 070808
광고코드: 01585490107",1
432,택배가 금일 도착 예정입니다. 수령 부탁드립니다,0
433,내일 오전 10시 치과 예약 확인드립니다.,0
434,다음 주 수요일까지 보고서 제출 부탁드립니다.,0
435,"엄마, 집에 잘 들어왔어. 걱정하지 마!",0
436,6시쯤 만나서 저녁 먹자.,0
437,어제 보낸 메일 확인하셨나요?,0
438,"우리 주말에 영화 보러 갈래?

",0
439,오후 1시쯤 뵙겠습니다.,0
440,점심 같이 먹을래?,0
441,이체가 완료되었습니다. 감사합니다.,0
442,금일 고객센터 운영 시간은 6시까지입니다.,0
443,저녁에 전화해도 괜찮을까?,0
444,이번 주말은 가족 모임이 있어요.,0
445,오늘 점심은 돈가스 먹었어.,0
446,시간 괜찮으면 잠깐 통화할 수 있을까?,0
447,집 도착했어. 조심히 들어가~,0
448,회의록은 팀 노션에 올려둘게요.,0
449,고기 파티는 다음 주 금요일!,0
450,전화벨 소리 못 들었어. 다시 전화할게.,0
451,오늘 날씨 진짜 좋다!,0
452,고마워. 덕분에 잘 마무리했어.,0
453,연락 늦어서 미안해. 이제 봤어.,0
454,우리 다음 주에 카페 갈래?,0
455,도서관에서 자료 찾는 중이야.,0
456,엄마가 저녁에 미역국 해주신대.,0
457,생일 축하해! 오늘 즐거운 하루 보내~,0
458,피피티 초안은 이메일로 보냈어.,0
459,인터넷 설치 기사님이 내일 오신대.,0
460,수업은 11시부터 시작입니다.,0
461,이메일로 확인 부탁드립니다.,0
462,지금 편의점인데 뭐 사갈까?,0
463,교재는 서점에서 주문했어.,0
464,병원에서 예약 문자 왔어.,0
465,저녁은 김치찌개 어때?,0
466,노트북 충전기 챙겨야지.,0
467,정기점검으로 서비스 일시 중단됩니다.,0
468,아침에 일찍 나와서 버스 탔어.,0
469,내일 같이 공부하자.,0
470,목소리가 안 들려서 다시 전화해줘.,0
471,[Web발신] 고객님의 계좌가 이상 거래로 정지되었습니다. 즉시 확인 바랍니다. http://fakebank.kr,1
472,[우리은행] 인증서 유효기간 만료. 갱신 필수. http://security-check.co.kr,1
473,[Web발신] 미납요금 정산 요청드립니다. 미지급 시 서비스 중단. http://payment-check.org,1
474,[택배] 배송불가로 반송 예정입니다. 확인 바랍니다. http://delivery-tracking.site,1
475,[Web발신] 본인 확인이 필요합니다. 정보 입력: http://secure-verify.com,1
476,[경찰청] 범죄 혐의자 등록. 정정 필요 시 연락 바랍니다. http://police-check.co.kr,1
477,[법원출석요청] 귀하에 대한 민사소송이 접수되었습니다. http://court-case.info,1
478,[카카오톡] 인증번호 오류 발생. 보안설정 확인 http://kakaosecure.kr,1
479,[국세청] 소득세 과다납부 환급 안내 http://taxrefund-info.com,1
480,[Web발신] 연체된 카드대금 2회차 납부 필요. http://card-bill.site,1
481,[택배] 해외배송 세관 문제 발생. 확인 바랍니다. http://customs-check.site,1
482,아들아 엄마인데 핸드폰 고장났어. 이 번호로 카톡해줘,1
483,[CJ대한통운] 배송불가 사유 확인: http://delivery-status.kr,1
484,[금융감독원] 불법 대출 의심 거래 발생. 바로 조치 요망. http://fss-warning.com,1
485,[Web발신] 코로나 확진자 동선 겹침. 검사 요청: http://covid-check.com,1
486,[하나은행] 출금지연 발생. 고객 확인 필요 http://hana-auth.com,1
487,[Web발신] 신분증 위조 사용 의심. 즉시 본인 인증 필요. http://idcheck-fraud.com,1
488,[대법원] 압류 명령서 발급 통지. 확인 필수 http://law-notice.kr,1
489,[Web발신] 급여 입금 보류 중입니다. 계좌 확인 필수 http://paycheck-info.co.kr,1
490,[Web발신] 사용 중인 계정 보안 위협 감지. 비밀번호 재설정 필요. http://secure-yourinfo.com,1
491,[카드사 공지] 해외 무단결제 발생. 확인 바랍니다. http://cardalert-check.org,1
492,[신한카드] 승인되지 않은 결제 감지. 즉시 확인 요망 http://shinhan-alert.co.kr,1
493,[Web발신] 범죄 혐의 관련 참고인 소환장입니다. http://legalcheck.info,1
494,[국민건강보험] 진료비 환급 안내 http://nhis-refund.org,1
495,[배송실패] 주소 불일치로 배송 보류. 수정 요망 http://address-fix.co.kr,1
496,[Web발신] 모바일 보안 업데이트 실패. 즉시 점검 http://securityupdate.info,1
497,[은행] 실명 확인 미완료. 계좌 동결 예정 http://identitycheck.net,1
498,[Web발신] 이벤트 당첨을 축하드립니다! http://event-winner.co.kr,1
499,[Web발신] 청구서 발송 실패. 이메일 인증 필요 http://emailauth-check.kr,1
500,[Web발신] 무단 로그인 시도 감지. 확인 필요 http://logintrace-alert.com,1
501,"[Web발신] 휴대폰 결제 32,000원 승인됨. http://payment-info.net",1
502,[Web발신] 온라인 결제 사기 의심됨. 신고 요청 http://fraud-alert.kr,1
503,[Web발신] 자녀 납치 관련 문자 주의 요망 http://safety-info.net,1
504,[Web발신] 마일리지 소멸 예정. 즉시 사용 요망 http://pointcheck-now.com,1
505,[Web발신] 행정처분 통지서 도착. 열람 요청 http://admin-alert.net,1
506,안녕,0
507,네,0
508,뭐해,0
509,밥 먹었어?,0
510,응,0
511,응 알았어,0
512,네 지금 갈게요,0
513,안녕!!!,0
514,ㅋㅋㅋㅋ,0
515,진짜?,0
516,어떡하지,0
517,미쳤다,0
518,오늘 뭐해,0
519,오키,0
520,그래서 내일 언제 볼거야?,0
521,아니,0
522,근데,0
523,?,0
524,아니 근데 진짜,0
525,??????,0
526,개웃기다,0
527,오오,0
528,죄송해요,0
529,미안,0
530,우째,0
530,ㅇㅇ ㅇㅋㅇㅋ,0
530,ㄴㄴ,0
530,ㄱㅅㄱㅅ,0
531,엄마,0
532,아빠,0
533,오빠,0
534,언니,0
535,야,0
536,엄마 어디에요?,0
537,엄마랑 아빠 어디 가셨어요?,0
538,아 너 밥 먹었어?,0
539,ㅁㅊ,0
540,엄마 배고파,0
541,엄마 심심해,0
542,엄마 데리러 오면 안돼?,0
543,아빠 나 배고파 ,0
544,누나 뭐해,0
545,누나 이거 봐라,0
546,심심해,0
547,데리러 와,0
548,졸려,0
549,누나,0
550,자기야,0
551,언니 왜 나랑 안 놀아줘?,0
552,언니 지금 어딘데?,0